sequential_site,sequential_wt,reference_site,reference_wt
1,M,1,M
2,F,2,F
3,V,3,V
4,F,4,F
5,L,5,L
6,V,6,V
7,L,7,L
8,L,8,L
9,P,9,P
10,L,10,L
11,V,11,V
12,S,12,S
13,S,13,S
14,Q,14,Q
15,C,15,C
16,V,16,V
17,N,17,N
18,L,18,L
19,R,19,T
20,T,20,T
21,R,21,R
22,T,22,T
23,Q,23,Q
24,L,24,L
25,P,25,P
26,P,26,P
27,A,27,A
28,Y,28,Y
29,T,29,T
30,N,30,N
31,S,31,S
32,F,32,F
33,T,33,T
34,R,34,R
35,G,35,G
36,V,36,V
37,Y,37,Y
38,Y,38,Y
39,P,39,P
40,D,40,D
41,K,41,K
42,V,42,V
43,F,43,F
44,R,44,R
45,S,45,S
46,S,46,S
47,V,47,V
48,L,48,L
49,H,49,H
50,S,50,S
51,T,51,T
52,Q,52,Q
53,D,53,D
54,L,54,L
55,F,55,F
56,L,56,L
57,P,57,P
58,F,58,F
59,F,59,F
60,S,60,S
61,N,61,N
62,V,62,V
63,T,63,T
64,W,64,W
65,F,65,F
66,H,66,H
67,A,67,A
68,I,68,I
69,H,69,H
70,V,70,V
71,S,71,S
72,G,72,G
73,T,73,T
74,N,74,N
75,G,75,G
76,T,76,T
77,K,77,K
78,R,78,R
79,F,79,F
80,D,80,D
81,N,81,N
82,P,82,P
83,V,83,V
84,L,84,L
85,P,85,P
86,F,86,F
87,N,87,N
88,D,88,D
89,G,89,G
90,V,90,V
91,Y,91,Y
92,F,92,F
93,A,93,A
94,S,94,S
95,T,95,T
96,E,96,E
97,K,97,K
98,S,98,S
99,N,99,N
100,I,100,I
101,I,101,I
102,R,102,R
103,G,103,G
104,W,104,W
105,I,105,I
106,F,106,F
107,G,107,G
108,T,108,T
109,T,109,T
110,L,110,L
111,D,111,D
112,S,112,S
113,K,113,K
114,T,114,T
115,Q,115,Q
116,S,116,S
117,L,117,L
118,L,118,L
119,I,119,I
120,V,120,V
121,N,121,N
122,N,122,N
123,A,123,A
124,T,124,T
125,N,125,N
126,V,126,V
127,V,127,V
128,I,128,I
129,K,129,K
130,V,130,V
131,C,131,C
132,E,132,E
133,F,133,F
134,Q,134,Q
135,F,135,F
136,C,136,C
137,N,137,N
138,D,138,D
139,P,139,P
140,F,140,F
141,L,141,L
142,D,142,G
143,V,143,V
144,Y,144,Y
145,Y,145,Y
146,H,146,H
147,K,147,K
148,N,148,N
149,N,149,N
150,K,150,K
151,S,151,S
152,W,152,W
153,M,153,M
154,E,154,E
155,S,155,S
156,G,156,E
157,V,159,V
158,Y,160,Y
159,S,161,S
160,S,162,S
161,A,163,A
162,N,164,N
163,N,165,N
164,C,166,C
165,T,167,T
166,F,168,F
167,E,169,E
168,Y,170,Y
169,V,171,V
170,S,172,S
171,Q,173,Q
172,P,174,P
173,F,175,F
174,L,176,L
175,M,177,M
176,D,178,D
177,L,179,L
178,E,180,E
179,G,181,G
180,K,182,K
181,Q,183,Q
182,G,184,G
183,N,185,N
184,F,186,F
185,K,187,K
186,N,188,N
187,L,189,L
188,R,190,R
189,E,191,E
190,F,192,F
191,V,193,V
192,F,194,F
193,K,195,K
194,N,196,N
195,I,197,I
196,D,198,D
197,G,199,G
198,Y,200,Y
199,F,201,F
200,K,202,K
201,I,203,I
202,Y,204,Y
203,S,205,S
204,K,206,K
205,H,207,H
206,T,208,T
207,P,209,P
208,I,210,I
209,N,211,N
210,L,212,L
211,V,213,V
212,R,214,R
213,D,215,D
214,L,216,L
215,P,217,P
216,Q,218,Q
217,G,219,G
218,F,220,F
219,S,221,S
220,A,222,A
221,L,223,L
222,E,224,E
223,P,225,P
224,L,226,L
225,V,227,V
226,D,228,D
227,L,229,L
228,P,230,P
229,I,231,I
230,G,232,G
231,I,233,I
232,N,234,N
233,I,235,I
234,T,236,T
235,R,237,R
236,F,238,F
237,Q,239,Q
238,T,240,T
239,L,241,L
240,L,242,L
241,A,243,A
242,L,244,L
243,H,245,H
244,R,246,R
245,S,247,S
246,Y,248,Y
247,L,249,L
248,T,250,T
249,P,251,P
250,G,252,G
251,D,253,D
252,S,254,S
253,S,255,S
254,S,256,S
255,G,257,G
256,W,258,W
257,T,259,T
258,A,260,A
259,G,261,G
260,A,262,A
261,A,263,A
262,A,264,A
263,Y,265,Y
264,Y,266,Y
265,V,267,V
266,G,268,G
267,Y,269,Y
268,L,270,L
269,Q,271,Q
270,P,272,P
271,R,273,R
272,T,274,T
273,F,275,F
274,L,276,L
275,L,277,L
276,K,278,K
277,Y,279,Y
278,N,280,N
279,E,281,E
280,N,282,N
281,G,283,G
282,T,284,T
283,I,285,I
284,T,286,T
285,D,287,D
286,A,288,A
287,V,289,V
288,D,290,D
289,C,291,C
290,A,292,A
291,L,293,L
292,D,294,D
293,P,295,P
294,L,296,L
295,S,297,S
296,E,298,E
297,T,299,T
298,K,300,K
299,C,301,C
300,T,302,T
301,L,303,L
302,K,304,K
303,S,305,S
304,F,306,F
305,T,307,T
306,V,308,V
307,E,309,E
308,K,310,K
309,G,311,G
310,I,312,I
311,Y,313,Y
312,Q,314,Q
313,T,315,T
314,S,316,S
315,N,317,N
316,F,318,F
317,R,319,R
318,V,320,V
319,Q,321,Q
320,P,322,P
321,T,323,T
322,E,324,E
323,S,325,S
324,I,326,I
325,V,327,V
326,R,328,R
327,F,329,F
328,P,330,P
329,N,331,N
330,I,332,I
331,T,333,T
332,N,334,N
333,L,335,L
334,C,336,C
335,P,337,P
336,F,338,F
337,G,339,G
338,E,340,E
339,V,341,V
340,F,342,F
341,N,343,N
342,A,344,A
343,T,345,T
344,R,346,R
345,F,347,F
346,A,348,A
347,S,349,S
348,V,350,V
349,Y,351,Y
350,A,352,A
351,W,353,W
352,N,354,N
353,R,355,R
354,K,356,K
355,R,357,R
356,I,358,I
357,S,359,S
358,N,360,N
359,C,361,C
360,V,362,V
361,A,363,A
362,D,364,D
363,Y,365,Y
364,S,366,S
365,V,367,V
366,L,368,L
367,Y,369,Y
368,N,370,N
369,S,371,S
370,A,372,A
371,S,373,S
372,F,374,F
373,S,375,S
374,T,376,T
375,F,377,F
376,K,378,K
377,C,379,C
378,Y,380,Y
379,G,381,G
380,V,382,V
381,S,383,S
382,P,384,P
383,T,385,T
384,K,386,K
385,L,387,L
386,N,388,N
387,D,389,D
388,L,390,L
389,C,391,C
390,F,392,F
391,T,393,T
392,N,394,N
393,V,395,V
394,Y,396,Y
395,A,397,A
396,D,398,D
397,S,399,S
398,F,400,F
399,V,401,V
400,I,402,I
401,R,403,R
402,G,404,G
403,D,405,D
404,E,406,E
405,V,407,V
406,R,408,R
407,Q,409,Q
408,I,410,I
409,A,411,A
410,P,412,P
411,G,413,G
412,Q,414,Q
413,T,415,T
414,G,416,G
415,K,417,K
416,I,418,I
417,A,419,A
418,D,420,D
419,Y,421,Y
420,N,422,N
421,Y,423,Y
422,K,424,K
423,L,425,L
424,P,426,P
425,D,427,D
426,D,428,D
427,F,429,F
428,T,430,T
429,G,431,G
430,C,432,C
431,V,433,V
432,I,434,I
433,A,435,A
434,W,436,W
435,N,437,N
436,S,438,S
437,N,439,N
438,N,440,N
439,L,441,L
440,D,442,D
441,S,443,S
442,K,444,K
443,V,445,V
444,G,446,G
445,G,447,G
446,N,448,N
447,Y,449,Y
448,N,450,N
449,Y,451,Y
450,R,452,L
451,Y,453,Y
452,R,454,R
453,L,455,L
454,F,456,F
455,R,457,R
456,K,458,K
457,S,459,S
458,N,460,N
459,L,461,L
460,K,462,K
461,P,463,P
462,F,464,F
463,E,465,E
464,R,466,R
465,D,467,D
466,I,468,I
467,S,469,S
468,T,470,T
469,E,471,E
470,I,472,I
471,Y,473,Y
472,Q,474,Q
473,A,475,A
474,G,476,G
475,S,477,S
476,K,478,T
477,P,479,P
478,C,480,C
479,N,481,N
480,G,482,G
481,V,483,V
482,E,484,E
483,G,485,G
484,F,486,F
485,N,487,N
486,C,488,C
487,Y,489,Y
488,F,490,F
489,P,491,P
490,L,492,L
491,Q,493,Q
492,S,494,S
493,Y,495,Y
494,G,496,G
495,F,497,F
496,Q,498,Q
497,P,499,P
498,T,500,T
499,N,501,N
500,G,502,G
501,V,503,V
502,G,504,G
503,Y,505,Y
504,Q,506,Q
505,P,507,P
506,Y,508,Y
507,R,509,R
508,V,510,V
509,V,511,V
510,V,512,V
511,L,513,L
512,S,514,S
513,F,515,F
514,E,516,E
515,L,517,L
516,L,518,L
517,H,519,H
518,A,520,A
519,P,521,P
520,A,522,A
521,T,523,T
522,V,524,V
523,C,525,C
524,G,526,G
525,P,527,P
526,K,528,K
527,K,529,K
528,S,530,S
529,T,531,T
530,N,532,N
531,L,533,L
532,V,534,V
533,K,535,K
534,N,536,N
535,K,537,K
536,C,538,C
537,V,539,V
538,N,540,N
539,F,541,F
540,N,542,N
541,F,543,F
542,N,544,N
543,G,545,G
544,L,546,L
545,T,547,T
546,G,548,G
547,T,549,T
548,G,550,G
549,V,551,V
550,L,552,L
551,T,553,T
552,E,554,E
553,S,555,S
554,N,556,N
555,K,557,K
556,K,558,K
557,F,559,F
558,L,560,L
559,P,561,P
560,F,562,F
561,Q,563,Q
562,Q,564,Q
563,F,565,F
564,G,566,G
565,R,567,R
566,D,568,D
567,I,569,I
568,A,570,A
569,D,571,D
570,T,572,T
571,T,573,T
572,D,574,D
573,A,575,A
574,V,576,V
575,R,577,R
576,D,578,D
577,P,579,P
578,Q,580,Q
579,T,581,T
580,L,582,L
581,E,583,E
582,I,584,I
583,L,585,L
584,D,586,D
585,I,587,I
586,T,588,T
587,P,589,P
588,C,590,C
589,S,591,S
590,F,592,F
591,G,593,G
592,G,594,G
593,V,595,V
594,S,596,S
595,V,597,V
596,I,598,I
597,T,599,T
598,P,600,P
599,G,601,G
600,T,602,T
601,N,603,N
602,T,604,T
603,S,605,S
604,N,606,N
605,Q,607,Q
606,V,608,V
607,A,609,A
608,V,610,V
609,L,611,L
610,Y,612,Y
611,Q,613,Q
612,G,614,D
613,V,615,V
614,N,616,N
615,C,617,C
616,T,618,T
617,E,619,E
618,V,620,V
619,P,621,P
620,V,622,V
621,A,623,A
622,I,624,I
623,H,625,H
624,A,626,A
625,D,627,D
626,Q,628,Q
627,L,629,L
628,T,630,T
629,P,631,P
630,T,632,T
631,W,633,W
632,R,634,R
633,V,635,V
634,Y,636,Y
635,S,637,S
636,T,638,T
637,G,639,G
638,S,640,S
639,N,641,N
640,V,642,V
641,F,643,F
642,Q,644,Q
643,T,645,T
644,R,646,R
645,A,647,A
646,G,648,G
647,C,649,C
648,L,650,L
649,I,651,I
650,G,652,G
651,A,653,A
652,E,654,E
653,H,655,H
654,V,656,V
655,N,657,N
656,N,658,N
657,S,659,S
658,Y,660,Y
659,E,661,E
660,C,662,C
661,D,663,D
662,I,664,I
663,P,665,P
664,I,666,I
665,G,667,G
666,A,668,A
667,G,669,G
668,I,670,I
669,C,671,C
670,A,672,A
671,S,673,S
672,Y,674,Y
673,Q,675,Q
674,T,676,T
675,Q,677,Q
676,T,678,T
677,N,679,N
678,S,680,S
679,R,681,P
680,R,682,R
681,R,683,R
682,A,684,A
683,R,685,R
684,S,686,S
685,V,687,V
686,A,688,A
687,S,689,S
688,Q,690,Q
689,S,691,S
690,I,692,I
691,I,693,I
692,A,694,A
693,Y,695,Y
694,T,696,T
695,M,697,M
696,S,698,S
697,L,699,L
698,G,700,G
699,A,701,A
700,E,702,E
701,N,703,N
702,S,704,S
703,V,705,V
704,A,706,A
705,Y,707,Y
706,S,708,S
707,N,709,N
708,N,710,N
709,S,711,S
710,I,712,I
711,A,713,A
712,I,714,I
713,P,715,P
714,T,716,T
715,N,717,N
716,F,718,F
717,T,719,T
718,I,720,I
719,S,721,S
720,V,722,V
721,T,723,T
722,T,724,T
723,E,725,E
724,I,726,I
725,L,727,L
726,P,728,P
727,V,729,V
728,S,730,S
729,M,731,M
730,T,732,T
731,K,733,K
732,T,734,T
733,S,735,S
734,V,736,V
735,D,737,D
736,C,738,C
737,T,739,T
738,M,740,M
739,Y,741,Y
740,I,742,I
741,C,743,C
742,G,744,G
743,D,745,D
744,S,746,S
745,T,747,T
746,E,748,E
747,C,749,C
748,S,750,S
749,N,751,N
750,L,752,L
751,L,753,L
752,L,754,L
753,Q,755,Q
754,Y,756,Y
755,G,757,G
756,S,758,S
757,F,759,F
758,C,760,C
759,T,761,T
760,Q,762,Q
761,L,763,L
762,N,764,N
763,R,765,R
764,A,766,A
765,L,767,L
766,T,768,T
767,G,769,G
768,I,770,I
769,A,771,A
770,V,772,V
771,E,773,E
772,Q,774,Q
773,D,775,D
774,K,776,K
775,N,777,N
776,T,778,T
777,Q,779,Q
778,E,780,E
779,V,781,V
780,F,782,F
781,A,783,A
782,Q,784,Q
783,V,785,V
784,K,786,K
785,Q,787,Q
786,I,788,I
787,Y,789,Y
788,K,790,K
789,T,791,T
790,P,792,P
791,P,793,P
792,I,794,I
793,K,795,K
794,D,796,D
795,F,797,F
796,G,798,G
797,G,799,G
798,F,800,F
799,N,801,N
800,F,802,F
801,S,803,S
802,Q,804,Q
803,I,805,I
804,L,806,L
805,P,807,P
806,D,808,D
807,P,809,P
808,S,810,S
809,K,811,K
810,P,812,P
811,S,813,S
812,K,814,K
813,R,815,R
814,S,816,S
815,F,817,F
816,I,818,I
817,E,819,E
818,D,820,D
819,L,821,L
820,L,822,L
821,F,823,F
822,N,824,N
823,K,825,K
824,V,826,V
825,T,827,T
826,L,828,L
827,A,829,A
828,D,830,D
829,A,831,A
830,G,832,G
831,F,833,F
832,I,834,I
833,K,835,K
834,Q,836,Q
835,Y,837,Y
836,G,838,G
837,D,839,D
838,C,840,C
839,L,841,L
840,G,842,G
841,D,843,D
842,I,844,I
843,A,845,A
844,A,846,A
845,R,847,R
846,D,848,D
847,L,849,L
848,I,850,I
849,C,851,C
850,A,852,A
851,Q,853,Q
852,K,854,K
853,F,855,F
854,N,856,N
855,G,857,G
856,L,858,L
857,T,859,T
858,V,860,V
859,L,861,L
860,P,862,P
861,P,863,P
862,L,864,L
863,L,865,L
864,T,866,T
865,D,867,D
866,E,868,E
867,M,869,M
868,I,870,I
869,A,871,A
870,Q,872,Q
871,Y,873,Y
872,T,874,T
873,S,875,S
874,A,876,A
875,L,877,L
876,L,878,L
877,A,879,A
878,G,880,G
879,T,881,T
880,I,882,I
881,T,883,T
882,S,884,S
883,G,885,G
884,W,886,W
885,T,887,T
886,F,888,F
887,G,889,G
888,A,890,A
889,G,891,G
890,A,892,A
891,A,893,A
892,L,894,L
893,Q,895,Q
894,I,896,I
895,P,897,P
896,F,898,F
897,A,899,A
898,M,900,M
899,Q,901,Q
900,M,902,M
901,A,903,A
902,Y,904,Y
903,R,905,R
904,F,906,F
905,N,907,N
906,G,908,G
907,I,909,I
908,G,910,G
909,V,911,V
910,T,912,T
911,Q,913,Q
912,N,914,N
913,V,915,V
914,L,916,L
915,Y,917,Y
916,E,918,E
917,N,919,N
918,Q,920,Q
919,K,921,K
920,L,922,L
921,I,923,I
922,A,924,A
923,N,925,N
924,Q,926,Q
925,F,927,F
926,N,928,N
927,S,929,S
928,A,930,A
929,I,931,I
930,G,932,G
931,K,933,K
932,I,934,I
933,Q,935,Q
934,D,936,D
935,S,937,S
936,L,938,L
937,S,939,S
938,S,940,S
939,T,941,T
940,A,942,A
941,S,943,S
942,A,944,A
943,L,945,L
944,G,946,G
945,K,947,K
946,L,948,L
947,Q,949,Q
948,N,950,D
949,V,951,V
950,V,952,V
951,N,953,N
952,Q,954,Q
953,N,955,N
954,A,956,A
955,Q,957,Q
956,A,958,A
957,L,959,L
958,N,960,N
959,T,961,T
960,L,962,L
961,V,963,V
962,K,964,K
963,Q,965,Q
964,L,966,L
965,S,967,S
966,S,968,S
967,N,969,N
968,F,970,F
969,G,971,G
970,A,972,A
971,I,973,I
972,S,974,S
973,S,975,S
974,V,976,V
975,L,977,L
976,N,978,N
977,D,979,D
978,I,980,I
979,L,981,L
980,S,982,S
981,R,983,R
982,L,984,L
983,D,985,D
984,K,986,K
985,V,987,V
986,E,988,E
987,A,989,A
988,E,990,E
989,V,991,V
990,Q,992,Q
991,I,993,I
992,D,994,D
993,R,995,R
994,L,996,L
995,I,997,I
996,T,998,T
997,G,999,G
998,R,1000,R
999,L,1001,L
1000,Q,1002,Q
1001,S,1003,S
1002,L,1004,L
1003,Q,1005,Q
1004,T,1006,T
1005,Y,1007,Y
1006,V,1008,V
1007,T,1009,T
1008,Q,1010,Q
1009,Q,1011,Q
1010,L,1012,L
1011,I,1013,I
1012,R,1014,R
1013,A,1015,A
1014,A,1016,A
1015,E,1017,E
1016,I,1018,I
1017,R,1019,R
1018,A,1020,A
1019,S,1021,S
1020,A,1022,A
1021,N,1023,N
1022,L,1024,L
1023,A,1025,A
1024,A,1026,A
1025,T,1027,T
1026,K,1028,K
1027,M,1029,M
1028,S,1030,S
1029,E,1031,E
1030,C,1032,C
1031,V,1033,V
1032,L,1034,L
1033,G,1035,G
1034,Q,1036,Q
1035,S,1037,S
1036,K,1038,K
1037,R,1039,R
1038,V,1040,V
1039,D,1041,D
1040,F,1042,F
1041,C,1043,C
1042,G,1044,G
1043,K,1045,K
1044,G,1046,G
1045,Y,1047,Y
1046,H,1048,H
1047,L,1049,L
1048,M,1050,M
1049,S,1051,S
1050,F,1052,F
1051,P,1053,P
1052,Q,1054,Q
1053,S,1055,S
1054,A,1056,A
1055,P,1057,P
1056,H,1058,H
1057,G,1059,G
1058,V,1060,V
1059,V,1061,V
1060,F,1062,F
1061,L,1063,L
1062,H,1064,H
1063,V,1065,V
1064,T,1066,T
1065,Y,1067,Y
1066,V,1068,V
1067,P,1069,P
1068,A,1070,A
1069,Q,1071,Q
1070,E,1072,E
1071,K,1073,K
1072,N,1074,N
1073,F,1075,F
1074,T,1076,T
1075,T,1077,T
1076,A,1078,A
1077,P,1079,P
1078,A,1080,A
1079,I,1081,I
1080,C,1082,C
1081,H,1083,H
1082,D,1084,D
1083,G,1085,G
1084,K,1086,K
1085,A,1087,A
1086,H,1088,H
1087,F,1089,F
1088,P,1090,P
1089,R,1091,R
1090,E,1092,E
1091,G,1093,G
1092,V,1094,V
1093,F,1095,F
1094,V,1096,V
1095,S,1097,S
1096,N,1098,N
1097,G,1099,G
1098,T,1100,T
1099,H,1101,H
1100,W,1102,W
1101,F,1103,F
1102,V,1104,V
1103,T,1105,T
1104,Q,1106,Q
1105,R,1107,R
1106,N,1108,N
1107,F,1109,F
1108,Y,1110,Y
1109,E,1111,E
1110,P,1112,P
1111,Q,1113,Q
1112,I,1114,I
1113,I,1115,I
1114,T,1116,T
1115,T,1117,T
1116,D,1118,D
1117,N,1119,N
1118,T,1120,T
1119,F,1121,F
1120,V,1122,V
1121,S,1123,S
1122,G,1124,G
1123,N,1125,N
1124,C,1126,C
1125,D,1127,D
1126,V,1128,V
1127,V,1129,V
1128,I,1130,I
1129,G,1131,G
1130,I,1132,I
1131,V,1133,V
1132,N,1134,N
1133,N,1135,N
1134,T,1136,T
1135,V,1137,V
1136,Y,1138,Y
1137,D,1139,D
1138,P,1140,P
1139,L,1141,L
1140,Q,1142,Q
1141,P,1143,P
1142,E,1144,E
1143,L,1145,L
1144,D,1146,D
1145,S,1147,S
1146,F,1148,F
1147,K,1149,K
1148,E,1150,E
1149,E,1151,E
1150,L,1152,L
1151,D,1153,D
1152,K,1154,K
1153,Y,1155,Y
1154,F,1156,F
1155,K,1157,K
1156,N,1158,N
1157,H,1159,H
1158,T,1160,T
1159,S,1161,S
1160,P,1162,P
1161,D,1163,D
1162,V,1164,V
1163,D,1165,D
1164,L,1166,L
1165,G,1167,G
1166,D,1168,D
1167,I,1169,I
1168,S,1170,S
1169,G,1171,G
1170,I,1172,I
1171,N,1173,N
1172,A,1174,A
1173,S,1175,S
1174,V,1176,V
1175,V,1177,V
1176,N,1178,N
1177,I,1179,I
1178,Q,1180,Q
1179,K,1181,K
1180,E,1182,E
1181,I,1183,I
1182,D,1184,D
1183,R,1185,R
1184,L,1186,L
1185,N,1187,N
1186,E,1188,E
1187,V,1189,V
1188,A,1190,A
1189,K,1191,K
1190,N,1192,N
1191,L,1193,L
1192,N,1194,N
1193,E,1195,E
1194,S,1196,S
1195,L,1197,L
1196,I,1198,I
1197,D,1199,D
1198,L,1200,L
1199,Q,1201,Q
1200,E,1202,E
1201,L,1203,L
1202,G,1204,G
1203,K,1205,K
1204,Y,1206,Y
1205,E,1207,E
1206,Q,1208,Q
1207,Y,1209,Y
1208,I,1210,I
1209,K,1211,K
1210,W,1212,W
1211,P,1213,P
1212,W,1214,W
1213,Y,1215,Y
1214,I,1216,I
1215,W,1217,W
1216,L,1218,L
1217,G,1219,G
1218,F,1220,F
1219,I,1221,I
1220,A,1222,A
1221,G,1223,G
1222,L,1224,L
1223,I,1225,I
1224,A,1226,A
1225,I,1227,I
1226,V,1228,V
1227,M,1229,M
1228,V,1230,V
1229,T,1231,T
1230,I,1232,I
1231,M,1233,M
1232,L,1234,L
1233,C,1235,C
1234,C,1236,C
1235,M,1237,M
1236,T,1238,T
1237,S,1239,S
1238,C,1240,C
1239,C,1241,C
1240,S,1242,S
1241,C,1243,C
1242,L,1244,L
1243,K,1245,K
1244,G,1246,G
1245,C,1247,C
1246,C,1248,C
1247,S,1249,S
1248,C,1250,C
1249,G,1251,G
1250,S,1252,S
1251,*,1253,C
