site,amino_acid,n_mutations_to
142,G,1138
95,I,865
501,N,693
18,F,685
98,F,608
716,T,558
982,S,557
142,D,539
222,V,508
572,I,507
570,A,492
681,P,473
1118,D,469
484,K,435
677,H,425
49,Y,415
688,V,399
939,F,398
681,H,397
701,V,396
655,Y,393
716,I,371
640,F,366
70,I,362
501,Y,353
1191,N,351
176,F,342
583,D,339
254,F,338
845,S,338
67,V,337
22,I,336
1263,L,329
12,F,317
26,S,316
181,V,314
614,D,314
982,A,309
570,D,307
1118,H,305
1162,S,304
950,D,304
152,W,298
221,L,296
613,H,295
255,F,289
1237,I,289
446,V,289
1228,L,285
245,Y,283
859,I,279
1264,L,278
20,I,275
1078,S,273
54,F,272
494,P,271
1162,L,271
1219,C,256
675,H,253
138,Y,250
812,L,247
1020,S,246
76,I,245
484,E,245
769,V,244
1229,I,243
80,Y,242
684,V,241
153,I,239
547,I,238
75,V,237
1101,Y,236
653,V,236
1219,V,235
1104,L,235
622,F,229
95,T,229
704,L,228
146,Y,226
253,G,225
323,I,221
384,L,221
522,V,219
936,Y,218
477,N,218
29,I,216
308,L,215
262,S,209
27,S,209
678,I,205
215,Y,204
19,I,202
822,F,200
846,V,198
812,S,197
142,V,196
938,F,196
884,F,195
940,F,194
879,S,193
452,L,193
1117,I,192
69,Y,186
452,R,185
240,I,182
892,V,182
520,S,180
67,S,179
307,I,177
879,V,176
731,I,175
256,L,175
144,F,174
26,L,174
27,V,173
13,I,171
1020,V,171
809,S,168
1163,Y,167
1176,F,166
1243,F,165
330,S,164
574,Y,163
299,I,162
1247,F,162
647,S,162
9,L,161
573,I,160
1027,I,159
151,I,158
243,S,157
558,N,157
214,L,157
791,I,156
1235,F,156
21,I,154
14,H,153
1006,I,153
216,F,153
69,H,152
677,H,152
138,H,150
222,A,150
490,S,149
1176,V,149
455,F,147
675,H,146
950,D,146
1122,L,144
1203,F,143
138,D,142
152,L,142
1208,H,141
618,I,140
522,S,140
141,F,136
1027,T,134
1073,N,134
483,F,132
701,A,132
34,P,132
706,V,132
1087,S,130
190,R,127
33,I,127
771,S,126
18,L,125
1045,R,124
71,F,122
845,V,121
1202,Q,121
9,S,120
253,D,120
484,Q,120
1252,F,118
719,I,118
796,Y,118
747,I,118
1207,D,115
1079,S,115
871,V,115
309,Q,115
35,R,114
631,S,114
384,S,110
583,D,110
1009,I,109
1250,F,109
16,F,109
732,I,108
680,F,107
479,S,107
871,S,107
1153,Y,106
215,H,106
215,G,105
883,I,104
765,C,103
261,V,103
929,I,103
676,I,102
621,S,102
936,H,101
477,I,101
623,S,101
623,V,101
818,V,100
148,T,100
6,F,99
1238,I,99
475,V,99
13,S,99
96,D,98
477,S,97
1201,K,97
348,S,97
25,L,97
892,S,97
90,F,96
118,F,94
21,T,94
478,K,94
1078,V,93
15,F,93
385,N,92
102,I,92
1147,L,91
157,L,91
25,S,90
222,S,90
950,N,89
831,V,88
1063,F,88
213,L,84
698,L,84
158,G,83
950,H,83
922,F,83
243,V,83
553,I,81
50,L,81
689,I,81
765,L,80
1084,Y,80
1236,F,79
157,S,79
25,T,79
8,F,79
478,T,79
1200,F,79
672,V,78
1070,V,78
1260,Y,78
575,S,78
70,F,78
1259,Y,77
193,L,77
417,N,77
408,I,77
846,S,77
152,R,76
178,N,75
813,I,74
752,F,74
344,S,74
893,V,74
155,I,74
681,L,74
80,G,73
490,L,73
1058,Y,72
177,I,71
19,T,71
854,N,71
1167,V,71
439,N,70
153,T,70
51,I,70
1091,L,70
859,N,70
1273,I,69
1242,I,68
181,A,68
3,G,68
272,L,67
273,S,67
262,A,67
615,F,66
691,F,66
476,S,66
143,F,66
1230,L,66
1026,S,65
1146,H,65
778,I,65
127,F,64
701,S,64
1133,F,64
1205,N,64
1070,S,63
80,D,63
732,T,62
899,S,62
694,V,62
146,Q,61
683,W,61
957,R,61
417,K,61
626,S,61
796,H,60
412,L,60
688,S,60
1150,D,60
1146,Y,59
72,V,59
1248,F,59
52,H,58
655,H,58
376,I,58
946,V,58
684,S,58
1237,I,57
417,T,57
112,L,57
261,C,57
1267,V,57
72,E,57
1120,I,57
1191,K,57
382,L,56
942,S,56
1139,H,56
257,D,56
1083,Y,56
570,S,56
70,V,56
174,S,56
440,N,55
1068,F,55
28,H,55
1118,Y,55
24,S,55
496,S,55
478,I,55
681,S,55
514,F,55
427,Y,54
154,E,54
26,P,54
152,C,54
145,H,54
681,P,54
1111,Q,54
250,I,53
859,T,53
444,N,53
508,H,52
614,G,52
111,N,52
257,S,52
740,I,52
346,K,52
373,L,52
710,D,52
177,I,52
1251,V,52
570,V,52
190,S,51
178,H,51
858,F,51
683,L,51
681,R,51
157,F,50
142,S,50
654,Q,50
303,F,50
783,V,50
520,V,50
463,S,50
783,S,50
961,M,50
493,R,50
354,K,50
330,L,50
552,F,49
670,V,49
1065,L,49
494,L,49
706,S,49
267,L,49
517,F,48
826,L,48
477,R,48
78,M,48
233,V,48
258,C,47
1266,R,47
246,I,47
83,F,47
439,K,47
20,N,47
1091,H,46
372,V,46
470,I,46
1143,L,46
585,F,46
80,A,46
314,K,46
163,V,46
809,L,46
274,I,46
1114,T,45
625,Y,45
652,A,44
1199,Y,44
284,I,44
847,T,44
501,T,44
547,K,44
136,G,44
263,S,44
252,V,43
54,F,43
154,K,43
286,I,43
11,F,43
52,R,43
957,Q,43
152,R,43
1118,Y,43
1165,Y,42
190,K,42
2,L,42
181,R,42
1237,V,42
642,G,42
638,I,42
852,V,42
849,F,41
322,S,41
943,R,41
289,L,41
153,V,41
1144,Q,40
93,S,40
479,L,40
830,Y,40
471,Q,40
735,L,40
419,S,40
259,I,40
385,I,40
1260,N,40
232,C,40
224,Q,40
214,H,40
870,S,40
708,F,39
839,V,39
661,D,39
780,Q,39
64,L,38
80,N,38
1073,N,38
179,F,38
705,F,38
19,R,38
583,Q,38
745,G,38
411,S,38
723,I,38
124,I,38
1099,D,38
1252,P,38
156,D,37
1261,F,37
260,V,37
521,S,37
162,I,37
208,M,37
189,F,37
924,S,37
417,K,37
1139,Y,37
83,I,37
732,A,37
354,D,36
77,N,36
591,F,36
626,V,36
36,F,36
94,F,36
834,T,36
242,F,36
909,V,35
217,S,35
468,V,35
1069,S,35
516,Q,35
1050,I,35
69,H,35
642,F,35
446,S,35
157,C,35
769,G,35
362,F,35
675,R,35
262,D,35
68,T,35
261,R,35
1102,L,35
320,F,35
390,F,34
352,V,34
281,Q,34
748,Q,34
219,S,34
937,L,34
1091,C,34
246,T,34
565,L,33
494,S,33
88,Y,33
1112,L,33
1265,F,33
1151,D,33
78,S,33
810,L,33
1245,N,33
677,R,33
950,Y,33
138,D,33
772,I,32
444,R,32
32,L,32
475,S,32
80,D,32
615,I,32
761,I,32
405,Y,32
21,K,32
174,L,32
72,R,32
263,V,32
339,S,32
1216,T,32
262,V,32
452,M,32
289,I,32
679,K,32
356,R,32
318,S,32
198,G,31
483,A,31
936,N,31
440,K,31
765,H,31
257,V,31
1185,C,31
448,Y,31
198,Y,31
1270,I,31
406,Q,31
845,A,31
659,L,31
493,K,31
1112,S,31
215,D,31
852,S,31
1022,S,31
654,K,31
97,N,30
958,S,30
75,R,30
229,F,30
1254,F,30
1195,Q,30
253,Y,30
248,H,30
228,H,30
154,G,30
1228,L,30
677,Q,30
879,T,30
297,L,30
731,I,29
120,F,29
1079,T,29
251,L,29
261,D,29
181,R,29
860,F,29
556,K,29
142,C,29
62,L,29
237,K,29
197,V,29
1076,I,29
102,G,29
1021,F,29
691,P,28
448,S,28
148,S,28
1182,Q,28
308,L,28
1085,V,28
1244,F,28
945,F,28
1171,V,28
177,I,28
261,S,28
561,S,28
869,I,28
401,L,28
144,S,28
79,L,28
929,T,28
184,S,27
218,H,27
180,K,27
184,V,27
1174,V,27
1124,C,27
856,S,27
1177,L,27
1113,K,27
942,V,27
941,I,27
569,V,27
430,I,27
1104,L,27
209,L,27
73,I,27
23,R,27
1114,V,26
762,H,26
837,H,26
1073,T,26
477,G,26
1216,V,26
484,G,26
588,I,26
981,I,26
173,H,26
98,S,26
227,L,26
35,V,26
228,Y,26
554,Q,26
813,N,26
352,S,26
639,V,26
177,T,26
244,S,26
619,Q,26
1085,E,26
20,T,26
256,S,26
1066,N,25
27,T,25
153,I,25
922,F,25
1231,A,25
1170,F,25
144,Y,25
1184,Y,25
1143,S,25
373,P,25
522,P,25
503,F,25
1084,G,25
32,L,25
251,H,25
253,N,25
1005,H,25
1267,R,25
190,M,25
622,I,25
834,V,25
1263,S,24
702,Q,24
183,H,24
378,N,24
6,I,24
932,V,24
862,S,24
427,N,24
260,S,24
1199,N,24
185,S,24
272,S,24
264,V,24
1185,H,24
64,R,24
105,V,24
186,S,24
468,T,24
335,F,24
308,I,24
580,H,24
673,T,24
154,Q,24
1127,G,24
128,V,24
158,S,24
96,G,24
1251,R,23
893,S,23
288,V,23
805,M,23
683,Q,23
246,K,23
88,H,23
1159,Y,23
728,L,23
130,F,23
185,D,23
1231,I,23
139,S,23
218,R,23
75,S,23
1224,F,23
252,S,23
681,R,23
874,I,23
337,S,23
627,Y,23
1246,S,23
924,V,23
684,T,23
554,D,23
534,F,22
155,R,22
412,Q,22
701,T,22
687,I,22
147,E,22
1205,R,22
339,D,22
72,W,22
941,A,22
172,F,22
690,R,22
1073,R,22
309,K,22
1045,N,22
1225,V,22
779,K,21
1133,I,21
608,I,21
1132,V,21
132,Q,21
346,I,21
870,V,21
793,L,21
19,K,21
1164,I,21
359,N,21
31,F,21
150,R,21
754,F,21
144,H,21
150,T,21
614,N,21
152,W,21
1156,L,21
234,Y,21
796,N,21
513,F,21
646,H,20
66,R,20
831,S,20
957,L,20
836,L,20
604,I,20
627,N,20
549,I,20
1130,M,20
1129,L,20
521,L,20
668,S,20
170,H,20
839,Y,20
688,T,20
1149,R,20
1247,Y,20
46,L,20
688,A,20
173,K,20
1107,S,20
679,K,20
622,L,20
183,R,20
1033,A,20
252,D,20
64,C,20
807,L,20
793,S,20
912,I,20
171,F,20
458,N,20
177,V,20
138,G,20
247,I,20
595,I,20
1087,V,20
529,N,20
250,N,19
262,G,19
210,T,19
76,A,19
145,N,19
1111,K,19
485,V,19
503,I,19
484,A,19
23,L,19
1251,E,19
1199,H,19
987,F,19
153,I,19
1078,T,19
178,Y,19
12,S,19
247,N,19
770,V,19
740,V,19
1099,S,19
717,S,19
769,R,19
123,V,19
827,I,19
682,W,19
930,V,19
69,P,19
647,V,19
1202,K,19
146,R,18
408,K,18
490,V,18
95,A,18
519,Y,18
979,Y,18
681,H,18
449,H,18
100,T,18
1195,D,18
976,F,18
1187,Y,18
1183,V,18
62,I,18
493,L,18
1153,G,18
1237,T,18
75,A,18
344,T,18
807,S,18
1264,L,18
1071,H,18
119,V,18
1040,F,18
262,T,18
249,F,18
181,E,18
453,F,18
232,V,18
413,R,18
1219,S,18
913,H,18
622,A,18
251,S,18
1233,I,18
1189,I,18
147,N,18
847,K,18
459,F,18
1116,I,18
1234,F,18
507,S,18
1226,V,18
903,S,18
769,A,18
256,P,18
375,F,18
621,L,17
227,I,17
258,R,17
258,R,17
787,K,17
779,E,17
632,I,17
855,S,17
631,L,17
338,L,17
771,V,17
779,R,17
188,S,17
1085,R,17
627,H,17
1190,S,17
844,V,17
843,G,17
796,D,17
1131,A,17
1104,I,17
1171,S,17
505,H,17
1045,M,17
1271,Y,17
84,I,17
911,I,17
95,N,17
1150,K,17
677,Q,17
942,T,17
445,I,17
1229,V,17
1249,F,17
139,L,17
490,L,17
1174,S,17
499,L,17
1181,R,17
888,F,17
1168,G,17
860,L,17
70,L,17
341,I,17
324,Q,17
63,I,17
273,M,17
249,S,17
579,S,17
618,A,17
312,V,17
414,R,17
1164,F,16
64,R,16
1165,G,16
1239,T,16
946,E,16
900,I,16
53,N,16
558,R,16
1229,T,16
42,I,16
323,T,16
641,S,16
651,V,16
26,H,16
829,V,16
1060,I,16
144,D,16
607,H,16
568,N,16
95,S,16
245,R,16
70,A,16
156,Q,16
785,I,16
1094,I,16
842,V,16
697,I,16
14,R,16
1177,I,16
694,S,16
1250,Y,16
321,L,16
209,H,16
932,C,16
109,A,15
219,D,15
865,F,15
434,V,15
288,S,15
1192,D,15
226,F,15
184,D,15
1163,N,15
1172,V,15
356,N,15
344,V,15
357,K,15
306,L,15
522,A,15
182,R,15
867,G,15
180,V,15
843,N,15
687,L,15
653,S,15
71,P,15
635,I,15
235,T,15
1065,A,15
499,S,15
255,P,15
1228,A,15
410,V,15
483,I,15
637,F,15
447,V,15
151,T,15
327,V,15
821,V,15
1264,M,15
670,M,15
1221,V,15
836,R,15
9,T,15
259,A,15
75,C,15
1080,S,15
67,T,15
577,C,15
1085,A,15
735,A,15
704,P,15
1180,K,15
96,Q,15
148,D,15
1248,Y,15
1245,R,15
1238,N,15
1263,Q,15
120,I,15
1100,I,15
19,A,15
726,T,15
1263,R,15
151,G,15
1077,I,15
85,S,15
1141,F,14
150,I,14
450,K,14
485,S,14
1229,I,14
504,D,14
1072,K,14
476,A,14
475,T,14
349,P,14
566,S,14
445,A,14
839,G,14
1101,Q,14
808,N,14
470,N,14
1116,N,14
213,A,14
842,S,14
146,N,14
679,Y,14
710,I,14
705,L,14
703,S,14
1129,I,14
411,D,14
572,S,14
3,F,14
808,G,14
594,S,14
1068,I,14
66,Y,14
327,I,14
1201,H,14
785,A,14
1262,G,14
69,H,14
1192,T,14
1102,C,14
175,S,14
47,F,14
1169,F,14
584,V,14
179,P,14
315,I,14
67,A,14
78,K,14
348,T,14
1210,V,14
1168,Y,14
582,F,14
1233,V,13
411,V,13
151,N,13
102,S,13
934,V,13
673,I,13
61,K,13
1127,Y,13
1171,D,13
102,K,13
126,F,13
354,S,13
888,L,13
938,I,13
1195,G,13
180,G,13
472,V,13
679,S,13
158,I,13
1188,D,13
1217,L,13
654,V,13
214,C,13
639,S,13
496,V,13
445,F,13
337,L,13
403,K,13
16,I,13
1081,V,13
1225,F,13
19,I,13
501,S,13
1077,A,13
1121,L,13
59,S,13
1071,R,13
52,Q,13
156,G,13
829,S,13
82,L,13
1018,V,13
292,S,13
140,L,13
273,K,13
1159,R,13
986,R,13
242,P,13
1163,A,13
208,A,13
627,G,13
207,Y,13
1163,G,13
215,N,13
1086,R,13
1088,Y,13
200,C,13
1035,V,13
1223,S,13
1228,I,13
918,D,13
886,L,13
523,I,13
1092,K,13
847,I,13
1094,F,13
260,T,12
263,T,12
791,T,12
272,P,12
784,L,12
554,G,12
929,N,12
653,A,12
1074,D,12
486,S,12
465,D,12
281,K,12
817,L,12
78,G,12
21,S,12
477,T,12
1041,G,12
658,K,12
371,F,12
677,P,12
534,I,12
551,F,12
768,I,12
961,A,12
569,F,12
747,N,12
739,I,12
135,L,12
1169,V,12
112,P,12
486,L,12
159,A,12
153,M,12
179,I,12
148,Y,12
209,S,12
247,G,12
501,I,12
1024,F,12
451,H,12
60,F,12
32,L,12
1061,F,12
1247,S,12
36,I,12
25,H,12
22,N,12
237,S,12
484,D,12
75,D,12
287,G,12
80,D,12
163,S,12
1202,G,12
21,G,12
471,G,12
1253,F,12
660,F,12
199,V,12
213,M,12
472,T,12
705,I,12
6,A,12
155,G,12
839,N,12
183,L,12
724,I,12
783,T,12
346,G,12
203,V,12
835,R,12
836,H,12
1122,M,12
711,F,12
798,S,11
1240,F,11
1103,L,11
59,L,11
1201,H,11
2,L,11
346,S,11
607,K,11
699,I,11
159,F,11
158,K,11
159,I,11
792,S,11
1071,Q,11
125,S,11
596,I,11
1073,E,11
805,V,11
1014,T,11
1258,D,11
1133,A,11
132,A,11
98,P,11
272,H,11
1139,N,11
551,I,11
792,L,11
675,L,11
49,H,11
1076,S,11
447,S,11
891,D,11
446,D,11
435,S,11
333,I,11
427,H,11
490,L,11
932,S,11
1115,V,11
417,R,11
740,I,11
96,A,11
428,G,11
324,K,11
780,D,11
303,F,11
630,I,11
264,S,11
779,L,11
1230,M,11
405,G,11
448,T,11
842,D,11
1210,T,11
981,F,11
1239,G,11
94,S,11
722,I,11
1136,I,11
299,A,11
147,R,11
3,I,11
1146,E,11
936,G,11
220,L,11
1184,N,11
29,A,11
1055,L,11
148,K,11
1155,H,11
675,Q,11
82,S,11
683,P,11
1049,I,11
1083,Q,11
147,N,11
709,K,11
147,I,11
11,I,11
1246,C,11
834,F,11
808,H,11
257,G,11
150,E,11
174,H,11
200,H,11
1050,I,11
239,R,11
830,G,11
1112,Q,11
1229,I,11
45,F,11
724,A,11
1189,F,11
794,V,10
54,L,10
1153,A,10
292,T,10
491,S,10
143,A,10
915,I,10
12,P,10
489,H,10
1221,T,10
176,I,10
218,P,10
946,R,10
87,S,10
1056,V,10
1157,N,10
1185,S,10
321,K,10
580,R,10
1096,I,10
433,I,10
836,E,10
1111,E,10
164,T,10
117,I,10
137,S,10
952,I,10
747,A,10
8,F,10
138,N,10
136,F,10
954,K,10
751,D,10
253,A,10
1016,V,10
1223,C,10
1016,S,10
157,F,10
743,S,10
456,L,10
90,I,10
1060,L,10
83,L,10
80,H,10
838,D,10
12,Y,10
1246,D,10
260,D,10
1173,S,10
829,T,10
278,R,10
712,V,10
222,T,10
714,V,10
772,A,10
493,H,10
219,V,10
549,A,10
1224,S,10
720,V,10
1167,R,10
177,K,10
1244,I,10
1260,E,10
154,A,10
248,S,10
1072,Q,10
1070,T,10
1184,G,10
426,S,10
482,S,10
567,K,10
676,A,10
1133,L,10
867,Y,10
207,R,10
173,R,10
1128,L,10
860,I,10
1071,L,10
30,H,10
221,A,10
485,R,10
77,T,10
642,I,10
947,R,10
210,V,10
814,T,10
736,I,9
1094,A,9
374,L,9
540,S,9
265,C,9
794,T,9
171,A,9
954,L,9
625,R,9
34,L,9
626,T,9
35,C,9
809,T,9
33,A,9
1061,I,9
863,S,9
150,N,9
266,C,9
145,Y,9
34,C,9
13,N,9
598,V,9
1246,V,9
234,K,9
1232,T,9
250,A,9
300,R,9
155,N,9
69,R,9
952,F,9
1220,L,9
101,T,9
604,A,9
1023,S,9
1258,V,9
890,V,9
572,A,9
152,W,9
369,H,9
1268,I,9
231,V,9
1016,T,9
499,R,9
1242,C,9
1242,G,9
867,N,9
768,N,9
884,C,9
204,H,9
1249,P,9
20,T,9
655,R,9
632,N,9
460,S,9
257,G,9
1124,S,9
1244,P,9
583,A,9
1158,S,9
237,M,9
607,R,9
517,I,9
855,L,9
11,A,9
854,K,9
22,A,9
666,V,9
1264,V,9
172,A,9
846,T,9
415,I,9
529,R,9
574,N,9
574,H,9
1058,R,9
77,R,9
186,L,9
272,T,9
1101,R,9
1248,R,9
693,V,9
813,G,9
828,F,9
654,G,9
271,K,9
337,T,9
821,I,9
1090,S,9
728,S,9
1219,A,9
441,F,9
182,N,9
447,D,9
702,K,9
794,L,9
845,T,9
450,N,9
1074,S,9
1202,V,9
1191,N,9
616,S,9
407,I,9
658,Y,9
846,G,9
672,S,9
1208,E,9
74,Y,9
82,H,9
402,V,9
932,D,9
1262,D,9
716,A,9
1084,N,9
21,S,9
1128,F,9
1125,D,9
17,S,9
852,T,9
127,I,9
87,K,9
450,D,9
310,R,9
682,L,9
572,N,9
681,L,9
207,Q,9
1167,S,9
1049,F,9
205,F,9
827,A,9
359,G,9
215,A,9
604,N,8
171,I,8
464,L,8
1201,R,8
1214,L,8
175,L,8
182,E,8
658,D,8
130,L,8
1227,V,8
1070,A,8
869,I,8
944,V,8
73,A,8
571,Y,8
521,R,8
30,S,8
764,K,8
71,Y,8
931,V,8
1272,H,8
246,S,8
415,N,8
1243,S,8
907,S,8
615,A,8
1243,Y,8
1066,I,8
1162,R,8
1162,T,8
703,D,8
592,S,8
478,R,8
50,P,8
178,D,8
532,S,8
440,K,8
561,H,8
884,A,8
1090,L,8
628,R,8
656,I,8
251,T,8
231,T,8
371,P,8
88,N,8
77,N,8
1189,A,8
619,K,8
850,V,8
10,I,8
620,F,8
569,T,8
62,F,8
888,L,8
203,M,8
47,I,8
634,H,8
190,G,8
15,Y,8
157,L,8
1214,C,8
57,S,8
57,L,8
218,E,8
1167,D,8
835,E,8
631,H,8
186,L,8
1155,F,8
780,K,8
1268,A,8
323,A,8
1108,S,8
1219,G,8
23,H,8
440,D,8
803,L,8
499,H,8
1181,E,8
97,R,8
1261,P,8
41,R,8
481,K,8
890,T,8
449,S,8
1215,H,8
737,Y,8
100,V,8
676,S,8
211,K,8
346,T,8
1239,I,8
94,A,8
776,R,8
346,S,8
1144,V,8
483,L,8
381,R,8
640,P,8
841,F,8
101,M,8
890,S,8
1181,N,8
413,V,8
164,S,8
97,T,8
408,G,8
1073,M,8
780,D,8
474,H,8
1107,K,8
567,I,8
1038,R,8
1194,S,8
876,S,8
772,V,8
74,K,8
22,S,8
561,L,8
1188,A,8
790,N,8
744,S,8
875,F,8
218,L,8
1092,G,8
539,I,8
476,D,8
326,V,8
1260,H,8
1226,S,7
820,E,7
16,A,7
639,C,7
19,T,7
248,C,7
140,S,7
155,R,7
352,T,7
88,E,7
222,D,7
323,S,7
692,F,7
668,V,7
179,R,7
640,Y,7
220,I,7
35,G,7
556,S,7
15,R,7
427,V,7
370,S,7
39,S,7
1131,R,7
150,N,7
1084,E,7
886,C,7
552,I,7
339,C,7
376,S,7
158,S,7
75,G,7
352,D,7
1252,Y,7
150,K,7
143,G,7
1237,I,7
1162,Q,7
476,V,7
13,G,7
795,R,7
1074,K,7
812,R,7
675,K,7
212,S,7
1083,R,7
808,E,7
7,S,7
812,Q,7
791,P,7
791,A,7
807,T,7
189,L,7
706,P,7
1107,M,7
1146,N,7
1257,E,7
828,I,7
588,A,7
164,H,7
1242,N,7
1262,K,7
787,L,7
71,A,7
178,G,7
644,L,7
61,D,7
364,N,7
870,T,7
153,K,7
372,T,7
227,A,7
211,S,7
372,S,7
1030,A,7
1113,L,7
1052,L,7
709,S,7
836,K,7
1111,A,7
246,G,7
1050,V,7
806,S,7
832,S,7
499,T,7
635,F,7
113,N,7
1232,F,7
243,T,7
1179,V,7
1109,L,7
1014,K,7
126,I,7
814,R,7
255,S,7
115,H,7
743,G,7
608,F,7
173,L,7
1165,A,7
1165,N,7
88,E,7
522,T,7
523,N,7
628,K,7
613,H,7
968,F,7
731,I,7
90,L,7
389,G,7
1260,A,7
519,Q,7
657,D,7
1229,L,7
665,S,7
618,S,7
979,H,7
1265,R,7
1264,A,7
570,T,7
1233,T,7
1103,S,7
271,E,7
1192,S,7
46,A,7
338,L,7
1241,Y,7
219,C,7
155,T,7
792,T,7
206,R,7
503,A,7
948,I,7
715,S,7
606,K,7
143,I,7
522,E,7
142,A,7
740,T,7
657,S,7
1163,V,7
134,L,7
293,F,7
83,A,7
982,L,7
12,C,7
589,S,7
68,V,7
32,S,7
1045,K,7
156,A,7
520,A,7
498,R,7
815,K,7
864,F,7
26,R,7
356,T,7
780,G,7
257,G,7
471,A,7
504,S,7
161,A,7
838,S,7
481,S,7
99,S,7
20,A,7
615,L,7
68,L,7
132,D,7
261,A,7
1223,V,7
440,S,7
606,S,6
621,H,6
675,Q,6
1052,L,6
1037,L,6
178,E,6
547,A,6
537,T,6
323,R,6
211,Y,6
643,L,6
1026,V,6
239,K,6
1228,V,6
587,V,6
1027,N,6
939,Y,6
660,H,6
1227,T,6
452,Q,6
490,I,6
678,N,6
849,I,6
45,P,6
536,K,6
675,Q,6
680,P,6
254,Y,6
325,F,6
527,S,6
494,A,6
460,K,6
881,I,6
190,W,6
1225,S,6
690,K,6
603,K,6
771,D,6
619,D,6
455,S,6
629,F,6
217,H,6
783,E,6
481,K,6
397,V,6
1075,L,6
877,M,6
183,K,6
180,D,6
142,G,6
761,R,6
1062,L,6
1236,S,6
294,N,6
307,A,6
197,T,6
1144,A,6
96,V,6
943,R,6
814,E,6
824,Y,6
427,G,6
1130,V,6
1127,A,6
1153,H,6
824,S,6
389,N,6
1114,L,6
825,R,6
939,S,6
831,T,6
1149,N,6
405,N,6
415,A,6
413,W,6
1146,A,6
289,L,6
1100,A,6
329,L,6
199,C,6
1187,S,6
1187,D,6
222,P,6
1182,D,6
105,L,6
786,E,6
786,R,6
787,R,6
915,F,6
781,G,6
444,M,6
17,K,6
257,R,6
257,C,6
100,L,6
192,L,6
440,Y,6
1258,Q,6
796,G,6
1163,H,6
413,E,6
830,H,6
193,L,6
593,V,6
1132,T,6
281,G,6
772,F,6
964,R,6
1131,E,6
623,T,6
634,L,6
949,R,6
212,V,6
646,L,6
647,T,6
216,L,6
216,P,6
682,Q,6
925,Y,6
1128,I,6
52,L,6
689,N,6
694,T,6
713,S,6
900,L,6
868,G,6
775,N,6
1242,T,6
69,L,6
1092,D,6
1088,R,6
938,P,6
820,Y,6
1084,A,6
1081,F,6
81,S,6
674,F,6
275,L,6
1072,A,6
1045,E,6
1029,V,6
520,T,6
937,T,6
798,C,6
1268,F,6
249,V,6
677,L,6
74,D,6
993,V,6
929,R,6
199,S,6
913,H,6
465,G,6
528,R,6
6,L,6
113,R,6
52,K,6
11,L,6
13,T,6
14,H,6
118,I,6
1085,R,6
500,S,6
1185,L,6
27,P,6
745,A,6
1175,L,6
747,T,6
751,Y,6
168,L,6
1162,A,6
726,V,6
714,L,6
1040,I,6
63,N,6
654,A,6
1065,M,6
1222,V,6
1200,I,6
157,I,6
19,S,6
1197,I,6
523,A,6
1196,F,6
20,P,6
395,A,6
77,K,6
153,M,6
516,G,6
1263,T,6
146,L,6
246,S,6
66,N,6
751,S,6
271,R,6
79,S,6
1202,D,6
473,F,6
967,N,6
156,K,6
956,S,6
321,R,6
149,Y,6
1101,D,6
778,A,6
690,L,6
689,R,6
171,L,6
1199,G,6
779,H,6
1198,V,6
780,A,6
1103,V,6
1097,L,6
167,I,6
1096,F,6
724,S,6
176,P,6
132,K,6
529,M,6
1140,S,6
1258,D,6
370,K,6
999,C,6
367,A,6
146,Q,6
123,T,6
123,S,6
991,L,6
1042,L,6
14,L,6
1087,T,5
699,F,5
750,N,5
1261,A,5
354,H,5
180,D,5
1084,H,5
152,G,5
564,E,5
217,P,5
7,F,5
1224,F,5
182,T,5
987,I,5
1005,H,5
1265,P,5
857,C,5
340,A,5
885,S,5
885,C,5
885,D,5
1225,T,5
560,Q,5
187,E,5
1222,T,5
646,S,5
356,M,5
22,P,5
946,R,5
580,L,5
345,S,5
1222,S,5
680,Y,5
185,Y,5
799,V,5
808,Y,5
30,I,5
814,N,5
66,Q,5
691,Y,5
1043,F,5
820,N,5
826,M,5
830,N,5
1033,L,5
1029,I,5
570,G,5
1020,T,5
183,P,5
1257,E,5
428,Y,5
515,S,5
154,V,5
373,A,5
138,A,5
484,D,5
134,H,5
134,R,5
370,K,5
478,A,5
80,E,5
153,L,5
152,S,5
121,S,5
1071,Q,5
1167,A,5
162,N,5
163,T,5
76,T,5
470,A,5
180,Q,5
1204,E,5
110,F,5
460,T,5
553,A,5
483,G,5
42,F,5
1235,S,5
15,S,5
1197,F,5
1101,Q,5
1112,T,5
532,Y,5
1125,K,5
1078,A,5
1160,I,5
537,N,5
1177,L,5
449,N,5
1190,V,5
1202,E,5
501,H,5
1203,I,5
1208,K,5
1213,S,5
540,Y,5
1030,L,5
1237,M,5
1249,Y,5
50,T,5
1021,Y,5
1018,M,5
899,V,5
101,V,5
358,V,5
554,V,5
87,Y,5
441,L,5
1230,A,5
455,F,5
269,H,5
804,K,5
510,L,5
406,D,5
564,H,5
74,T,5
254,P,5
1130,T,5
576,I,5
586,N,5
593,C,5
596,N,5
241,V,5
610,I,5
68,M,5
639,D,5
647,P,5
672,T,5
61,S,5
436,L,5
110,V,5
88,A,5
490,Y,5
440,T,5
264,T,5
883,S,5
267,L,5
879,G,5
273,T,5
287,N,5
863,L,5
97,Q,5
320,I,5
320,L,5
404,C,5
430,A,5
339,V,5
858,V,5
1153,N,5
1249,A,5
845,D,5
1150,D,5
395,L,5
841,I,5
395,F,5
164,I,5
309,A,5
690,H,5
76,S,5
976,A,5
1125,S,5
780,V,5
784,R,5
484,E,5
679,T,5
76,N,5
202,R,5
18,R,5
279,F,5
969,K,5
635,A,5
1023,Y,5
1027,A,5
85,L,5
1117,A,5
334,K,5
333,K,5
211,T,5
1142,L,5
690,H,5
1166,F,5
1008,A,5
997,V,5
887,A,5
896,T,5
768,A,5
640,A,5
882,V,5
834,S,5
1158,D,5
1157,T,5
216,I,5
1259,N,5
1144,D,5
788,V,5
790,R,5
1178,D,5
1092,A,5
1236,S,5
804,H,5
393,I,5
163,E,5
161,Y,5
1058,L,5
811,R,5
144,Y,5
280,S,5
145,Y,5
824,D,5
940,A,5
146,D,5
1086,E,5
148,K,5
282,S,5
167,S,5
854,R,5
12,A,5
211,D,5
1050,T,5
348,V,5
795,E,5
93,V,5
1114,F,5
71,T,5
952,A,5
68,K,5
1233,I,5
1111,D,5
613,R,5
108,I,5
109,S,5
137,K,5
140,L,5
761,A,5
1074,Y,5
967,G,5
1191,R,5
588,S,5
1241,F,5
934,L,5
1221,M,5
740,L,5
1216,F,5
271,L,5
752,P,5
9,Q,5
1191,Q,5
306,L,5
520,E,5
270,I,5
771,A,5
865,P,5
950,G,5
918,G,5
969,S,5
658,S,5
133,S,5
721,G,5
1255,N,5
1201,L,5
565,L,5
740,L,5
925,D,5
8,V,5
751,K,5
1180,R,5
583,E,5
627,A,5
198,V,5
936,V,5
661,G,5
657,Y,5
1232,V,5
242,I,5
935,R,5
1227,M,5
1187,I,5
1071,H,4
945,I,4
174,T,4
259,K,4
485,A,4
370,D,4
466,I,4
670,T,4
378,R,4
280,D,4
860,A,4
466,K,4
239,L,4
457,S,4
485,D,4
1047,C,4
155,S,4
940,Y,4
4,S,4
936,E,4
240,A,4
1072,V,4
77,M,4
950,A,4
1047,F,4
270,F,4
620,L,4
638,A,4
943,S,4
482,D,4
1050,L,4
394,S,4
1083,N,4
620,I,4
1011,L,4
539,L,4
625,L,4
1137,F,4
251,P,4
214,S,4
628,L,4
81,D,4
1034,F,4
1034,I,4
453,H,4
1206,H,4
1001,F,4
583,K,4
449,D,4
394,T,4
1025,G,4
240,N,4
126,A,4
230,L,4
839,E,4
231,M,4
534,L,4
540,D,4
850,T,4
957,H,4
76,S,4
4,L,4
255,Y,4
504,V,4
511,I,4
844,T,4
459,P,4
3,A,4
520,P,4
2,S,4
537,R,4
1069,L,4
183,E,4
1069,T,4
597,I,4
624,V,4
256,T,4
678,A,4
189,I,4
561,T,4
1111,G,4
1076,A,4
730,P,4
737,E,4
1191,E,4
9,R,4
371,A,4
10,V,4
462,R,4
137,D,4
1095,L,4
137,Y,4
1187,T,4
731,T,4
1183,L,4
338,S,4
1181,Q,4
812,P,4
58,S,4
1180,L,4
450,S,4
565,V,4
252,R,4
100,M,4
444,T,4
259,T,4
29,S,4
1159,L,4
788,M,4
500,A,4
36,A,4
199,R,4
1266,N,4
1192,H,4
195,N,4
1168,H,4
1233,L,4
1237,L,4
1229,L,4
1227,L,4
745,E,4
1168,N,4
1245,E,4
1245,M,4
1243,G,4
1097,T,4
1247,R,4
104,C,4
121,D,4
754,L,4
471,D,4
1208,R,4
1096,A,4
1255,R,4
1258,A,4
96,K,4
169,K,4
371,T,4
173,H,4
1253,Y,4
1248,S,4
1194,Y,4
144,C,4
654,D,4
253,V,4
382,M,4
1170,P,4
401,I,4
108,S,4
704,A,4
109,I,4
1141,S,4
1186,I,4
405,H,4
1184,E,4
641,T,4
245,P,4
1107,G,4
413,A,4
1167,G,4
69,Q,4
134,E,4
148,H,4
641,Y,4
407,A,4
529,E,4
1092,V,4
282,K,4
1188,K,4
241,F,4
1084,V,4
446,A,4
673,G,4
395,I,4
806,V,4
1154,R,4
711,A,4
654,D,4
268,S,4
288,T,4
1149,M,4
375,P,4
1259,H,4
1265,I,4
69,N,4
69,D,4
1115,T,4
1135,Y,4
1135,D,4
340,K,4
377,L,4
95,S,4
350,I,4
516,D,4
1119,S,4
308,V,4
717,K,4
307,T,4
420,A,4
418,V,4
362,L,4
389,E,4
372,P,4
305,A,4
274,N,4
998,I,4
1097,A,4
798,D,4
518,I,4
1031,D,4
210,F,4
799,C,4
938,L,4
383,F,4
628,E,4
1040,A,4
815,S,4
820,H,4
839,A,4
778,N,4
836,H,4
835,T,4
751,T,4
832,C,4
832,D,4
630,N,4
814,M,4
172,T,4
29,S,4
1216,S,4
793,T,4
1147,A,4
627,E,4
344,D,4
611,F,4
141,L,4
41,I,4
345,I,4
62,G,4
613,E,4
769,E,4
616,K,4
346,R,4
868,D,4
314,R,4
558,M,4
1263,P,4
359,R,4
363,V,4
922,M,4
543,V,4
32,Y,4
922,S,4
564,L,4
813,R,4
752,I,4
340,D,4
854,N,4
186,V,4
788,L,4
324,V,4
23,H,4
787,H,4
787,H,4
786,N,4
65,L,4
324,A,4
182,N,4
786,Q,4
570,V,4
603,S,4
64,G,4
944,S,4
779,H,4
24,V,4
22,T,4
591,A,4
493,E,4
48,S,4
518,P,4
331,T,4
902,I,4
500,I,4
747,S,4
340,G,4
763,F,4
640,C,4
501,N,4
870,I,4
871,T,4
1163,D,4
804,R,4
804,P,4
900,I,4
334,Y,4
975,N,4
971,V,4
719,N,4
795,N,4
441,I,4
713,V,4
443,F,4
967,T,4
739,A,4
934,M,4
32,V,4
220,L,4
874,N,4
306,L,4
710,S,4
30,K,4
716,S,4
1226,T,4
17,D,4
307,N,4
583,E,4
896,V,4
585,I,4
556,Y,4
1102,S,4
156,V,4
642,A,4
1061,A,4
289,V,4
856,K,4
556,D,4
221,S,4
553,N,4
1239,N,4
369,F,4
936,D,4
659,P,4
63,A,4
702,D,4
933,R,4
1205,N,4
1170,T,4
1093,S,4
703,T,4
1169,T,4
926,L,4
154,D,4
575,G,4
875,A,4
51,A,4
575,V,4
732,S,4
914,S,4
676,N,4
569,S,4
732,S,4
198,A,4
65,S,4
750,I,4
881,A,4
164,D,4
599,I,4
589,L,4
1068,L,4
822,I,4
141,V,4
872,L,4
572,T,4
521,T,4
758,I,4
900,K,4
27,A,4
692,V,4
325,Y,4
731,L,4
1170,A,3
287,H,3
124,A,3
1150,A,3
176,H,3
1157,R,3
796,D,3
709,T,3
1193,F,3
963,F,3
794,N,3
1254,Y,3
176,L,3
108,S,3
111,V,3
161,T,3
267,M,3
198,H,3
1164,A,3
963,I,3
136,C,3
1191,T,3
1139,V,3
1114,S,3
1099,C,3
309,V,3
1232,L,3
1244,H,3
1175,A,3
693,F,3
97,E,3
1144,D,3
1044,E,3
298,Q,3
737,V,3
797,L,3
474,R,3
439,S,3
36,V,3
975,I,3
1188,V,3
1225,L,3
143,L,3
710,Y,3
661,A,3
99,D,3
1103,C,3
1004,F,3
1208,L,3
1270,S,3
314,H,3
232,A,3
312,L,3
458,Q,3
750,G,3
1104,A,3
232,S,3
1024,R,3
1251,A,3
458,E,3
458,R,3
1181,T,3
1205,Q,3
278,E,3
29,T,3
460,I,3
772,G,3
462,Q,3
1029,I,3
162,R,3
743,C,3
1026,T,3
102,S,3
168,S,3
758,G,3
1167,G,3
1221,L,3
262,P,3
976,I,3
1187,H,3
1248,G,3
1195,A,3
317,S,3
1247,G,3
175,C,3
100,L,3
440,N,3
788,T,3
472,L,3
153,M,3
985,N,3
175,V,3
327,F,3
987,L,3
1202,A,3
990,Q,3
161,P,3
448,D,3
1210,M,3
1012,S,3
1158,T,3
936,A,3
316,A,3
130,A,3
1009,A,3
834,N,3
554,K,3
1002,H,3
213,G,3
356,Q,3
215,D,3
145,D,3
402,L,3
215,E,3
396,F,3
744,D,3
247,R,3
894,S,3
895,H,3
990,D,3
735,S,3
548,V,3
899,A,3
1010,L,3
904,H,3
485,C,3
410,L,3
917,H,3
496,D,3
1038,T,3
1127,E,3
503,L,3
511,L,3
213,E,3
826,A,3
74,S,3
1023,D,3
256,A,3
1128,A,3
1018,L,3
833,L,3
394,I,3
986,N,3
41,N,3
282,H,3
6,G,3
1254,C,3
281,V,3
925,S,3
1138,H,3
380,F,3
926,H,3
1253,G,3
882,T,3
947,I,3
639,A,3
669,A,3
135,V,3
229,V,3
661,K,3
66,P,3
49,L,3
1131,V,3
244,V,3
1256,S,3
243,A,3
1127,N,3
888,S,3
721,I,3
72,G,3
8,S,3
62,A,3
979,V,3
221,P,3
978,S,3
281,A,3
1127,H,3
594,D,3
594,V,3
973,F,3
2,L,3
1039,G,3
77,E,3
1144,K,3
193,A,3
891,V,3
1113,H,3
403,I,3
192,I,3
801,Y,3
233,T,3
404,S,3
94,T,3
24,F,3
415,S,3
1108,H,3
408,T,3
876,T,3
289,A,3
88,G,3
416,E,3
1113,H,3
382,L,3
285,S,3
1179,T,3
951,L,3
779,Q,3
1130,L,3
344,P,3
1130,L,3
784,H,3
353,L,3
1161,P,3
902,I,3
1118,G,3
180,E,3
357,I,3
362,I,3
1121,V,3
188,K,3
1115,L,3
417,N,3
804,L,3
798,V,3
346,R,3
452,Q,3
1074,H,3
1122,A,3
675,P,3
679,I,3
471,K,3
1072,D,3
1072,G,3
84,P,3
676,P,3
937,A,3
1067,F,3
850,F,3
1066,A,3
936,D,3
817,S,3
826,L,3
1040,V,3
950,D,3
810,A,3
87,I,3
1098,S,3
857,S,3
1250,R,3
810,P,3
432,F,3
435,T,3
201,L,3
279,N,3
444,K,3
201,S,3
838,V,3
87,D,3
414,L,3
203,T,3
1086,Q,3
952,D,3
696,A,3
573,A,3
215,V,3
27,G,3
501,H,3
187,R,3
574,V,3
1027,S,3
215,D,3
392,S,3
161,F,3
209,T,3
657,K,3
1089,L,3
1240,S,3
603,T,3
677,E,3
1049,V,3
16,L,3
33,K,3
708,A,3
1101,N,3
34,S,3
145,S,3
498,K,3
1188,Q,3
185,I,3
39,H,3
673,S,3
312,M,3
374,S,3
1075,S,3
218,K,3
265,F,3
1009,S,3
629,V,3
23,K,3
69,H,3
517,V,3
1015,V,3
710,K,3
44,K,3
368,I,3
239,H,3
603,D,3
307,S,3
534,A,3
622,V,3
50,A,3
26,T,3
1020,G,3
230,S,3
259,S,3
235,V,3
507,A,3
1190,T,3
70,D,3
1024,I,3
677,K,3
208,K,3
151,R,3
73,N,3
469,L,3
375,A,3
1218,I,3
434,T,3
633,R,3
606,D,3
809,Q,3
723,N,3
1071,K,3
149,S,3
684,A,3
461,I,3
1261,Y,3
858,I,3
831,D,3
1176,I,3
1068,A,3
536,S,3
82,R,3
70,V,3
1055,A,3
517,P,3
1079,L,3
149,I,3
1229,M,3
439,K,3
250,P,3
1271,N,3
67,G,3
474,E,3
796,D,3
535,R,3
491,L,3
146,P,3
678,S,3
722,A,3
185,T,3
680,A,3
571,G,3
52,E,3
53,E,3
375,T,3
147,T,3
74,K,3
479,H,3
630,A,3
202,N,3
203,L,3
730,F,3
182,I,3
65,L,3
641,K,3
120,A,3
321,E,3
162,G,3
1067,H,3
302,M,3
812,T,3
79,L,3
659,T,3
619,V,3
228,G,3
376,N,3
92,S,3
655,L,3
1242,R,3
464,S,3
1259,V,3
149,K,3
245,N,3
949,E,3
549,S,3
554,A,3
1099,V,3
1081,M,3
765,S,3
791,K,3
600,S,3
1168,E,3
1260,G,3
600,L,3
47,A,3
588,K,3
1212,L,3
1182,K,3
1118,E,3
565,I,3
111,H,3
1146,E,3
468,M,3
565,S,3
568,G,3
120,L,3
309,G,3
304,R,3
140,I,3
208,S,3
1171,C,3
384,H,3
1047,H,3
579,L,3
580,K,3
1224,V,3
103,S,3
152,W,3
580,E,3
102,T,3
549,K,3
624,M,3
276,V,3
596,C,3
70,G,3
7,F,3
651,T,3
1273,A,3
1173,K,3
154,E,3
569,L,3
1136,K,3
624,T,3
1116,S,3
295,S,3
1143,T,3
72,R,3
571,E,3
607,L,3
1180,E,3
493,P,3
43,Y,3
240,S,3
67,P,3
730,A,3
296,I,3
698,A,3
752,V,3
493,H,3
1238,A,3
1123,F,3
188,D,3
613,K,3
481,D,3
1262,A,3
764,K,3
292,V,3
1062,Y,3
625,Q,3
1266,E,3
603,H,3
45,T,3
481,T,3
619,D,3
293,I,3
960,K,3
582,R,3
960,K,3
188,Y,3
351,H,3
1234,P,3
1117,K,3
809,R,2
769,R,2
869,L,2
869,L,2
41,E,2
766,S,2
780,E,2
854,E,2
1148,S,2
843,V,2
508,N,2
205,A,2
169,D,2
934,T,2
931,T,2
205,S,2
785,L,2
612,F,2
173,Q,2
853,L,2
853,R,2
495,H,2
850,L,2
1122,L,2
140,Y,2
349,F,2
494,T,2
813,T,2
867,A,2
210,L,2
133,L,2
781,F,2
349,A,2
343,K,2
918,V,2
867,E,2
1052,S,2
360,S,2
926,H,2
873,H,2
887,I,2
360,Y,2
53,G,2
154,D,2
684,P,2
685,H,2
923,V,2
686,N,2
921,N,2
921,R,2
226,V,2
643,L,2
7,I,2
295,L,2
878,S,2
876,V,2
61,Y,2
929,G,2
5,R,2
228,E,2
935,E,2
930,D,2
926,E,2
473,H,2
63,S,2
659,A,2
861,S,2
229,S,2
284,N,2
222,A,2
656,A,2
662,F,2
1070,A,2
667,S,2
667,C,2
912,K,2
1141,W,2
1204,V,2
669,V,2
671,Y,2
302,K,2
1207,K,2
761,T,2
1207,D,2
883,S,2
883,A,2
740,I,2
640,S,2
1216,N,2
881,S,2
324,E,2
637,A,2
834,M,2
330,A,2
214,R,2
164,Y,2
212,F,2
614,A,2
558,E,2
874,A,2
757,S,2
822,V,2
613,L,2
337,H,2
813,R,2
641,K,2
316,F,2
852,E,2
220,S,2
358,L,2
863,T,2
917,F,2
298,G,2
643,I,2
309,E,2
87,K,2
914,Y,2
710,N,2
912,A,2
853,K,2
888,V,2
904,F,2
557,R,2
725,Q,2
218,Q,2
729,L,2
8,W,2
10,Q,2
896,L,2
843,A,2
868,K,2
815,S,2
1015,S,2
513,I,2
65,Y,2
315,A,2
170,N,2
631,T,2
27,A,2
1008,L,2
540,K,2
750,R,2
164,K,2
314,H,2
748,V,2
777,S,2
748,A,2
745,V,2
162,R,2
581,S,2
188,H,2
20,S,2
314,L,2
1025,S,2
1025,A,2
540,K,2
742,F,2
317,D,2
507,L,2
1175,P,2
632,S,2
677,Q,2
177,R,2
1219,R,2
574,G,2
286,A,2
658,K,2
657,K,2
175,L,2
500,N,2
972,S,2
530,P,2
654,E,2
996,S,2
645,I,2
187,I,2
501,I,2
25,P,2
187,N,2
532,K,2
591,P,2
1219,D,2
1058,Q,2
989,S,2
543,L,2
742,V,2
741,F,2
588,R,2
1220,V,2
1062,V,2
1078,P,2
1029,T,2
579,R,2
290,V,2
92,I,2
1032,S,2
310,E,2
709,Y,2
709,D,2
703,I,2
13,C,2
703,Y,2
703,H,2
196,Y,2
554,E,2
702,D,2
702,V,2
1034,R,2
571,E,2
697,L,2
1224,M,2
586,E,2
30,K,2
621,R,2
530,F,2
518,V,2
1039,K,2
583,G,2
618,R,2
547,T,2
1018,T,2
1044,V,2
609,V,2
605,Y,2
734,S,2
1020,A,2
733,R,2
1050,I,2
1101,H,2
28,N,2
287,V,2
725,D,2
725,D,2
723,A,2
584,L,2
19,P,2
28,D,2
90,A,2
974,P,2
603,I,2
567,S,2
412,S,2
177,L,2
28,C,2
811,E,2
857,D,2
857,A,2
857,V,2
811,Q,2
1156,L,2
617,R,2
808,V,2
197,S,2
689,R,2
179,H,2
805,L,2
936,E,2
734,I,2
950,E,2
45,A,2
207,P,2
197,N,2
426,T,2
728,T,2
727,I,2
334,S,2
515,L,2
811,T,2
811,I,2
811,N,2
1177,A,2
567,S,2
294,G,2
513,P,2
686,G,2
836,P,2
514,A,2
30,Y,2
830,V,2
766,V,2
1216,M,2
940,T,2
838,C,2
827,S,2
284,P,2
842,C,2
824,H,2
203,K,2
820,G,2
284,A,2
207,L,2
814,Q,2
761,K,2
1158,K,2
438,F,2
131,S,2
794,F,2
911,F,2
790,N,2
790,I,2
1218,P,2
1219,G,2
790,T,2
918,Q,2
18,P,2
696,I,2
463,R,2
924,T,2
324,D,2
474,K,2
203,L,2
185,K,2
477,R,2
932,R,2
787,Q,2
688,D,2
684,E,2
784,H,2
592,L,2
490,F,2
792,P,2
701,E,2
180,A,2
908,C,2
719,S,2
192,L,2
801,D,2
796,Y,2
689,G,2
889,S,2
889,C,2
889,V,2
795,N,2
716,K,2
17,K,2
708,C,2
892,T,2
24,F,2
332,V,2
899,T,2
900,I,2
1230,L,2
182,Q,2
518,Q,2
331,S,2
146,H,2
285,L,2
228,A,2
597,F,2
1213,Q,2
291,F,2
283,E,2
283,V,2
300,M,2
287,Y,2
287,D,2
58,L,2
796,E,2
1149,Q,2
326,T,2
290,Y,2
325,A,2
796,E,2
51,N,2
1146,G,2
324,E,2
298,K,2
1,I,2
301,F,2
717,K,2
437,S,2
434,M,2
1142,H,2
1264,V,2
318,Y,2
283,R,2
1150,V,2
1139,G,2
789,N,2
1165,V,2
258,C,2
788,N,2
142,G,2
259,T,2
144,N,2
330,P,2
444,E,2
1240,G,2
440,I,2
498,H,2
19,K,2
250,S,2
1158,H,2
1157,M,2
33,R,2
727,Q,2
1154,I,2
145,C,2
97,M,2
45,Y,2
1153,V,2
1042,I,2
273,S,2
1084,E,2
797,S,2
1150,Q,2
363,T,2
516,V,2
519,P,2
355,S,2
382,A,2
1118,A,2
306,S,2
359,I,2
1234,I,2
84,V,2
388,K,2
712,T,2
1263,P,2
380,H,2
805,K,2
1116,T,2
1176,L,2
1116,A,2
679,D,2
392,L,2
379,F,2
381,E,2
93,D,2
641,I,2
84,Q,2
1198,T,2
421,F,2
318,L,2
1132,F,2
797,C,2
434,L,2
1138,C,2
1136,A,2
505,F,2
1263,A,2
1135,I,2
248,F,2
1134,S,2
1134,Y,2
1134,D,2
1259,E,2
424,N,2
1259,D,2
59,Y,2
1258,E,2
278,N,2
670,L,2
508,C,2
348,P,2
1237,K,2
1252,C,2
350,F,2
1125,T,2
1168,A,2
138,V,2
664,L,2
1248,S,2
1255,T,2
759,S,2
1207,G,2
158,T,2
1207,A,2
159,L,2
658,T,2
1205,T,2
162,T,2
1205,E,2
1255,N,2
471,V,2
1209,F,2
763,S,2
1260,D,2
1199,V,2
1199,A,2
89,V,2
114,A,2
468,F,2
1195,V,2
113,M,2
112,A,2
183,H,2
1243,S,2
1251,R,2
1168,V,2
358,T,2
136,Y,2
100,K,2
1231,S,2
1231,P,2
130,I,2
125,T,2
142,R,2
1239,R,2
125,D,2
747,T,2
745,E,2
151,S,2
103,C,2
113,N,2
1168,D,2
107,D,2
366,P,2
121,I,2
104,L,2
68,R,2
112,S,2
754,S,2
743,R,2
120,V,2
1194,T,2
1262,V,2
184,R,2
25,R,2
224,K,2
1181,N,2
266,S,2
661,V,2
1240,C,2
20,S,2
21,R,2
335,S,2
44,I,2
1180,H,2
1196,A,2
243,P,2
1103,L,2
1197,R,2
1109,I,2
1179,L,2
112,T,2
1178,S,2
374,Y,2
1178,Y,2
1089,V,2
782,Y,2
259,P,2
138,H,2
266,F,2
269,C,2
1241,S,2
68,I,2
1194,H,2
1104,V,2
111,G,2
132,G,2
1192,I,2
1192,Y,2
1266,T,2
1187,K,2
462,I,2
1266,N,2
78,S,2
740,K,2
55,Y,2
1269,N,2
111,D,2
109,S,2
214,P,2
484,V,2
134,H,2
732,T,2
487,T,2
14,E,2
462,T,2
247,R,2
664,V,2
708,T,2
998,S,2
1053,S,2
548,S,2
1137,I,2
1053,T,2
249,W,2
1129,A,2
1050,M,2
1006,A,2
1048,Y,2
1002,H,2
1002,L,2
217,T,2
680,S,2
217,L,2
221,W,2
990,A,2
840,G,2
575,T,2
1252,A,2
1020,D,2
678,T,2
577,L,2
1009,N,2
980,V,2
545,C,2
833,V,2
586,H,2
1070,E,2
504,C,2
822,P,2
406,D,2
1028,R,2
181,G,2
443,A,2
1113,R,2
1023,T,2
1252,T,2
405,V,2
1070,G,2
1069,H,2
254,S,2
186,L,2
445,G,2
1073,K,2
830,E,2
448,K,2
403,S,2
255,T,2
533,F,2
1011,H,2
1057,L,2
403,S,2
983,C,2
242,R,2
177,M,2
544,S,2
228,V,2
4,V,2
954,H,2
1252,S,2
954,H,2
66,L,2
60,P,2
378,M,2
464,L,2
954,R,2
234,N,2
261,G,2
678,S,2
281,D,2
949,L,2
639,R,2
619,G,2
858,P,2
619,A,2
1240,Y,2
135,C,2
941,S,2
1139,E,2
646,P,2
388,S,2
957,H,2
978,T,2
1204,R,2
593,S,2
542,D,2
974,L,2
242,H,2
674,H,2
231,L,2
394,Y,2
456,Y,2
967,R,2
966,I,2
131,S,2
240,T,2
256,S,2
105,T,2
609,S,2
673,R,2
961,S,2
961,P,2
960,S,2
960,D,2
614,A,2
614,V,2
389,A,2
959,F,2
1036,R,2
181,G,2
1075,Y,2
1086,N,2
420,N,2
134,K,2
810,T,2
1098,D,2
428,H,2
1160,K,2
54,W,2
139,Q,2
1148,L,2
638,S,2
439,N,2
1086,T,2
419,T,2
442,Y,2
691,T,2
444,N,2
412,P,2
174,R,2
118,P,2
446,R,2
149,K,2
1081,L,2
812,P,2
532,D,2
529,Q,2
809,P,2
276,P,2
69,Q,2
99,K,2
397,S,2
401,L,2
417,E,2
1200,V,2
705,A,2
396,H,2
296,P,2
1111,V,2
704,T,2
1110,F,2
293,P,2
1100,S,2
1108,T,2
291,S,2
1121,L,2
698,P,2
88,V,2
1178,K,2
414,H,2
287,E,2
528,I,2
1106,H,2
691,A,2
81,Y,2
445,L,2
1091,S,2
502,S,2
158,R,2
1105,I,2
1105,K,2
239,H,2
164,N,2
496,C,2
496,R,2
482,V,2
280,Y,2
408,S,2
172,Y,2
1039,S,2
536,D,2
1123,A,2
1267,A,2
536,H,2
1038,N,2
1123,P,2
476,C,2
502,C,2
1072,D,2
1236,R,2
149,H,2
457,K,2
258,G,2
1118,N,2
149,D,2
425,V,2
86,L,2
1114,M,2
1073,Q,2
259,T,2
1113,E,2
532,I,2
1112,R,2
261,G,2
1088,Q,2
127,V,1
102,R,1
94,P,1
105,M,1
137,K,1
140,V,1
127,A,1
131,R,1
118,L,1
135,L,1
144,S,1
121,K,1
151,S,1
133,Y,1
151,R,1
116,P,1
125,K,1
95,S,1
96,E,1
133,I,1
130,G,1
125,K,1
117,P,1
141,W,1
136,R,1
98,C,1
138,E,1
120,D,1
104,R,1
126,G,1
135,S,1
569,M,1
157,Y,1
963,A,1
959,S,1
959,V,1
951,A,1
950,H,1
948,P,1
940,S,1
939,A,1
939,T,1
938,H,1
923,M,1
916,P,1
911,A,1
906,V,1
894,V,1
888,L,1
886,G,1
884,T,1
882,S,1
878,V,1
878,I,1
877,P,1
962,P,1
968,A,1
1040,G,1
969,K,1
1037,P,1
1037,T,1
1030,P,1
1030,T,1
1024,P,1
1024,H,1
1023,K,1
1021,A,1
1021,P,1
1021,T,1
1013,T,1
1011,Q,1
1006,T,1
993,N,1
984,P,1
981,H,1
980,T,1
979,E,1
979,E,1
973,M,1
970,C,1
875,P,1
875,T,1
864,S,1
864,V,1
804,Q,1
803,P,1
803,T,1
802,L,1
800,V,1
797,L,1
797,L,1
797,V,1
789,D,1
789,H,1
786,K,1
782,S,1
782,V,1
782,L,1
781,D,1
772,D,1
767,S,1
767,I,1
763,V,1
762,Q,1
760,R,1
808,E,1
816,P,1
817,V,1
844,M,1
861,W,1
861,V,1
860,G,1
855,L,1
855,V,1
851,W,1
851,R,1
850,M,1
849,P,1
844,S,1
817,L,1
841,R,1
841,L,1
839,D,1
833,S,1
831,A,1
827,T,1
821,P,1
821,Q,1
818,T,1
1037,A,1
1041,E,1
756,H,1
1237,M,1
1232,N,1
1229,K,1
1228,E,1
1225,N,1
1220,C,1
1220,I,1
1217,R,1
1215,D,1
1212,G,1
1209,H,1
1200,R,1
1200,P,1
1199,E,1
1192,K,1
1187,K,1
1186,P,1
1183,M,1
1179,N,1
1177,G,1
1174,A,1
1173,K,1
1233,K,1
1239,R,1
1041,E,1
1241,R,1
1272,D,1
1268,G,1
1268,D,1
1265,H,1
1264,G,1
1256,L,1
1254,S,1
1253,R,1
1251,G,1
1250,W,1
1250,C,1
1250,G,1
1250,S,1
1249,T,1
1248,W,1
1247,W,1
1247,C,1
1247,S,1
1244,R,1
1242,R,1
1242,S,1
1172,N,1
1165,E,1
1164,G,1
1163,E,1
1084,D,1
1082,S,1
1081,T,1
1078,A,1
1075,C,1
1075,V,1
1073,K,1
1068,D,1
1063,M,1
1060,A,1
1058,Q,1
1055,P,1
1055,T,1
1052,Y,1
1052,V,1
1049,H,1
1047,D,1
1043,W,1
1042,L,1
1042,S,1
1042,V,1
1089,Y,1
1095,S,1
1095,L,1
1139,E,1
1163,E,1
1162,P,1
1161,A,1
1159,Q,1
1153,D,1
1148,Y,1
1147,P,1
1145,S,1
1145,V,1
1133,D,1
1098,K,1
1127,E,1
1122,V,1
1119,K,1
1118,D,1
1110,H,1
1109,Y,1
1108,K,1
1108,K,1
1103,Y,1
759,L,1
753,V,1
158,R,1
342,L,1
341,A,1
335,V,1
335,M,1
329,L,1
329,S,1
329,V,1
318,I,1
316,P,1
316,T,1
313,H,1
312,T,1
308,G,1
308,A,1
306,V,1
306,I,1
305,P,1
305,T,1
297,P,1
296,H,1
287,E,1
285,T,1
342,I,1
342,S,1
408,R,1
342,L,1
401,A,1
400,L,1
399,A,1
399,P,1
398,E,1
392,Y,1
392,V,1
392,I,1
384,P,1
382,E,1
378,K,1
374,L,1
368,P,1
366,A,1
362,A,1
361,R,1
353,R,1
350,G,1
347,L,1
347,V,1
345,T,1
277,S,1
275,C,1
275,V,1
269,N,1
215,E,1
211,K,1
210,N,1
209,P,1
205,P,1
205,T,1
204,N,1
201,I,1
194,S,1
194,L,1
189,P,1
186,C,1
181,G,1
175,L,1
172,P,1
171,D,1
164,K,1
163,A,1
162,S,1
160,H,1
160,N,1
216,H,1
219,G,1
221,T,1
246,R,1
267,A,1
266,H,1
265,H,1
255,A,1
254,A,1
253,E,1
252,G,1
248,D,1
248,N,1
242,L,1
222,A,1
241,S,1
238,L,1
233,M,1
233,S,1
232,G,1
228,E,1
228,D,1
227,E,1
226,S,1
405,E,1
410,T,1
746,T,1
662,S,1
647,A,1
643,L,1
637,P,1
637,T,1
636,H,1
631,P,1
627,E,1
626,A,1
625,Q,1
620,A,1
613,Q,1
611,P,1
608,A,1
605,A,1
605,P,1
603,K,1
597,A,1
596,R,1
590,R,1
584,T,1
576,A,1
650,I,1
662,G,1
411,A,1
666,T,1
742,T,1
741,H,1
740,M,1
731,M,1
729,A,1
727,P,1
726,M,1
724,T,1
722,D,1
721,R,1
719,T,1
718,I,1
713,A,1
706,A,1
703,K,1
699,P,1
694,A,1
692,S,1
688,A,1
680,T,1
676,T,1
569,N,1
562,S,1
562,V,1
560,R,1
486,Y,1
486,I,1
475,A,1
469,A,1
456,L,1
456,L,1
455,V,1
453,D,1
448,N,1
441,R,1
438,A,1
438,T,1
429,S,1
429,I,1
428,E,1
427,E,1
425,I,1
419,A,1
418,T,1
418,N,1
412,Q,1
486,L,1
487,K,1
488,R,1
533,V,1
559,L,1
558,K,1
555,P,1
555,T,1
553,T,1
552,L,1
551,A,1
546,V,1
533,W,1
532,K,1
492,I,1
524,G,1
524,A,1
515,L,1
515,Y,1
515,I,1
512,A,1
511,A,1
510,E,1
492,S,1
92,C,1
2,F,1
92,V,1
947,Q,1
933,Q,1
933,E,1
933,I,1
934,F,1
935,H,1
938,L,1
947,E,1
902,V,1
947,T,1
950,V,1
955,H,1
955,T,1
960,Y,1
960,T,1
929,R,1
928,T,1
928,D,1
926,R,1
925,I,1
925,H,1
921,I,1
921,E,1
921,Q,1
920,R,1
920,P,1
919,I,1
919,H,1
914,I,1
914,D,1
913,L,1
913,P,1
964,I,1
967,R,1
969,H,1
1011,R,1
1071,P,1
1067,C,1
1054,L,1
1045,Q,1
1041,A,1
1038,N,1
1038,I,1
1038,Q,1
1031,V,1
1028,E,1
1018,F,1
1017,D,1
1017,D,1
1017,G,1
1010,R,1
969,T,1
1006,S,1
1005,L,1
998,A,1
993,F,1
990,D,1
990,G,1
986,N,1
986,I,1
986,E,1
986,Q,1
978,D,1
978,H,1
977,F,1
969,I,1
907,Y,1
902,L,1
1077,S,1
790,Q,1
776,T,1
778,S,1
784,P,1
786,T,1
786,N,1
788,F,1
794,I,1
900,L,1
795,Q,1
795,T,1
795,I,1
801,S,1
801,I,1
804,H,1
776,E,1
775,G,1
775,D,1
774,H,1
774,R,1
773,D,1
773,G,1
770,M,1
770,L,1
764,Y,1
763,F,1
762,L,1
761,P,1
756,F,1
739,S,1
734,A,1
732,P,1
808,A,1
811,N,1
813,C,1
856,D,1
896,M,1
887,S,1
882,F,1
874,S,1
870,F,1
868,D,1
868,V,1
868,A,1
867,V,1
859,S,1
859,A,1
859,P,1
856,T,1
856,Y,1
854,M,1
813,S,1
854,T,1
854,Q,1
853,H,1
847,S,1
847,G,1
837,F,1
836,Q,1
835,N,1
835,I,1
835,Q,1
829,A,1
825,T,1
824,I,1
824,T,1
1076,P,1
1078,A,1
726,F,1
85,R,1
63,S,1
66,D,1
67,D,1
82,T,1
82,A,1
85,T,1
88,D,1
1259,A,1
94,Y,1
98,S,1
98,Y,1
100,I,1
108,N,1
109,N,1
55,L,1
53,E,1
51,S,1
39,L,1
39,R,1
39,T,1
34,R,1
29,N,1
27,E,1
22,S,1
18,V,1
18,I,1
14,Q,1
14,K,1
1270,F,1
1269,T,1
1269,E,1
112,W,1
114,S,1
114,I,1
209,R,1
274,S,1
264,D,1
263,E,1
260,G,1
259,R,1
257,G,1
255,C,1
250,S,1
245,D,1
243,G,1
243,D,1
236,S,1
230,Q,1
214,G,1
207,Q,1
115,E,1
205,C,1
205,Y,1
182,K,1
172,C,1
164,Y,1
154,V,1
144,F,1
139,A,1
124,S,1
124,N,1
122,K,1
122,K,1
118,V,1
116,Y,1
1260,V,1
1257,V,1
1086,N,1
1151,G,1
1144,G,1
1146,V,1
1146,D,1
1149,E,1
1150,G,1
1151,A,1
1151,V,1
1257,G,1
1154,E,1
1157,E,1
1158,I,1
1159,P,1
1160,A,1
1163,D,1
1139,A,1
1138,F,1
1127,V,1
1125,Y,1
1122,V,1
1120,S,1
1119,Y,1
1119,D,1
1117,S,1
1117,P,1
1115,F,1
1107,W,1
1106,L,1
1106,R,1
1099,G,1
1098,T,1
1092,D,1
1169,L,1
1173,H,1
1173,Y,1
1207,V,1
1255,I,1
1255,Q,1
1245,T,1
1242,S,1
1242,S,1
1242,R,1
1239,C,1
1238,S,1
1215,F,1
1211,N,1
1211,R,1
1211,E,1
1211,Q,1
1210,L,1
1206,C,1
1173,T,1
1205,M,1
1202,D,1
1201,P,1
1198,F,1
1198,L,1
1194,I,1
1191,M,1
1188,G,1
1184,A,1
1181,I,1
1179,F,1
1178,I,1
1178,T,1
1178,H,1
731,L,1
719,S,1
286,K,1
206,E,1
196,T,1
196,I,1
200,S,1
202,T,1
202,N,1
204,C,1
206,T,1
153,L,1
207,H,1
211,H,1
211,I,1
214,R,1
219,G,1
224,G,1
196,H,1
191,D,1
191,D,1
188,T,1
187,N,1
187,Q,1
178,V,1
178,D,1
173,P,1
169,D,1
169,G,1
167,S,1
165,I,1
165,Y,1
165,H,1
160,C,1
157,F,1
231,L,1
234,D,1
237,G,1
282,D,1
312,F,1
310,N,1
309,D,1
309,D,1
307,S,1
304,N,1
304,N,1
304,E,1
304,Q,1
294,V,1
287,A,1
285,V,1
282,T,1
282,Y,1
280,I,1
237,W,1
279,S,1
278,Q,1
274,A,1
273,W,1
273,G,1
272,P,1
269,F,1
265,S,1
264,A,1
263,A,1
247,C,1
246,R,1
244,F,1
237,R,1
153,M,1
152,W,1
314,Q,1
64,W,1
44,S,1
48,F,1
49,R,1
53,A,1
61,H,1
62,V,1
68,L,1
151,C,1
73,P,1
73,S,1
74,I,1
77,Q,1
80,D,1
80,V,1
44,G,1
41,N,1
37,F,1
37,C,1
33,S,1
32,F,1
32,F,1
30,T,1
28,F,1
28,S,1
26,P,1
25,P,1
17,I,1
17,T,1
17,Y,1
17,H,1
16,V,1
87,H,1
87,T,1
90,V,1
129,E,1
149,T,1
148,I,1
147,Q,1
146,H,1
145,F,1
145,D,1
142,V,1
142,A,1
137,I,1
137,T,1
132,V,1
129,N,1
129,I,1
129,R,1
128,F,1
91,F,1
125,I,1
125,Y,1
124,S,1
122,S,1
122,T,1
115,L,1
115,R,1
114,S,1
113,T,1
111,A,1
105,F,1
99,T,1
99,Y,1
99,H,1
313,F,1
315,S,1
717,T,1
586,A,1
558,Q,1
558,T,1
565,F,1
567,G,1
573,P,1
583,V,1
587,L,1
506,H,1
596,R,1
596,G,1
602,A,1
603,Y,1
604,S,1
606,I,1
554,E,1
544,Y,1
544,D,1
542,S,1
540,T,1
540,H,1
537,I,1
536,T,1
536,Y,1
535,T,1
535,E,1
532,H,1
531,S,1
529,T,1
528,N,1
528,Q,1
523,P,1
616,H,1
616,D,1
616,T,1
679,N,1
717,Y,1
717,D,1
717,H,1
714,M,1
714,L,1
712,F,1
710,T,1
710,H,1
707,S,1
702,G,1
701,A,1
696,S,1
692,L,1
687,V,1
679,H,1
624,F,1
678,P,1
666,L,1
664,M,1
657,T,1
655,P,1
645,A,1
645,P,1
641,D,1
639,G,1
632,T,1
632,P,1
630,S,1
630,P,1
628,H,1
519,L,1
503,V,1
317,T,1
394,D,1
370,H,1
370,Y,1
380,C,1
388,D,1
393,P,1
394,H,1
396,S,1
498,H,1
403,G,1
405,A,1
406,V,1
408,S,1
409,H,1
411,A,1
365,C,1
364,G,1
359,R,1
357,G,1
354,T,1
354,Y,1
351,F,1
343,N,1
343,D,1
340,D,1
340,V,1
334,T,1
328,G,1
324,G,1
321,H,1
321,P,1
319,S,1
412,L,1
414,H,1
415,P,1
467,A,1
498,L,1
495,F,1
495,C,1
487,I,1
481,I,1
481,H,1
478,I,1
478,R,1
476,G,1
472,F,1
471,D,1
468,L,1
467,V,1
467,G,1
466,S,1
417,M,1
465,A,1
462,E,1
454,G,1
453,S,1
452,L,1
452,R,1
450,I,1
449,F,1
437,I,1
434,L,1
428,V,1
427,A,1
425,F,1
420,V,1
276,I,1
286,R,1
92,L,1
729,M,1
700,A,1
700,V,1
713,T,1
722,L,1
722,F,1
725,K,1
736,L,1
642,L,1
738,F,1
740,M,1
743,S,1
744,V,1
745,H,1
745,Y,1
700,C,1
700,R,1
697,I,1
690,Q,1
689,T,1
688,P,1
685,L,1
682,P,1
679,N,1
668,T,1
663,N,1
661,D,1
661,Q,1
656,F,1
654,E,1
653,T,1
652,V,1
748,K,1
749,F,1
750,T,1
843,Y,1
905,K,1
891,C,1
891,S,1
886,C,1
885,V,1
880,V,1
880,S,1
879,P,1
871,P,1
869,I,1
864,F,1
861,F,1
848,Y,1
845,P,1
842,A,1
753,F,1
832,V,1
815,M,1
799,A,1
799,D,1
799,S,1
798,A,1
785,F,1
781,L,1
781,I,1
779,Q,1
773,Q,1
760,F,1
758,T,1
757,V,1
652,R,1
633,L,1
908,V,1
488,Y,1
465,K,1
467,Y,1
474,H,1
475,P,1
480,F,1
482,A,1
488,F,1
633,S,1
493,L,1
502,D,1
502,A,1
502,V,1
509,K,1
512,I,1
457,M,1
454,I,1
447,C,1
446,C,1
433,F,1
420,Y,1
419,P,1
413,R,1
411,P,1
411,T,1
407,F,1
406,K,1
404,A,1
404,R,1
397,P,1
389,Y,1
389,H,1
512,L,1
523,T,1
524,I,1
558,N,1
616,N,1
607,H,1
604,T,1
601,V,1
601,E,1
594,C,1
591,S,1
586,Y,1
580,H,1
576,F,1
570,P,1
568,H,1
566,V,1
566,C,1
554,D,1
524,L,1
551,L,1
550,V,1
550,D,1
550,C,1
548,D,1
545,A,1
545,S,1
538,F,1
538,Y,1
532,N,1
529,N,1
525,F,1
525,S,1
524,F,1
908,R,1
910,R,1
363,S,1
7,V,1
2,Y,1
4,C,1
4,L,1
4,L,1
5,P,1
6,V,1
11,G,1
1181,K,1
13,R,1
15,G,1
16,G,1
19,R,1
21,R,1
24,I,1
2,V,1
1268,L,1
1267,E,1
1258,K,1
1257,Y,1
1257,H,1
1254,S,1
1250,S,1
1245,N,1
1245,K,1
1236,Y,1
1235,Y,1
1233,I,1
1222,P,1
1214,C,1
1208,H,1
1204,A,1
24,L,1
31,P,1
32,L,1
60,A,1
90,D,1
86,L,1
86,S,1
86,Y,1
83,D,1
82,P,1
80,E,1
79,Y,1
77,K,1
73,T,1
69,N,1
67,A,1
66,Q,1
65,V,1
60,T,1
37,H,1
59,L,1
59,L,1
59,I,1
58,L,1
56,S,1
56,I,1
55,C,1
55,L,1
55,I,1
54,S,1
43,L,1
42,G,1
42,A,1
38,H,1
1195,K,1
1171,A,1
910,V,1
995,K,1
982,P,1
985,H,1
989,T,1
991,L,1
994,N,1
994,Y,1
995,M,1
1167,C,1
999,V,1
1000,K,1
1000,I,1
1008,M,1
1014,I,1
1015,T,1
982,T,1
979,N,1
971,D,1
971,C,1
971,R,1
971,S,1
967,I,1
952,L,1
951,M,1
946,A,1
941,T,1
936,V,1
932,A,1
930,S,1
930,P,1
930,T,1
915,L,1
1016,P,1
1017,K,1
1019,T,1
1082,F,1
1162,P,1
1157,N,1
1149,N,1
1141,L,1
1131,R,1
1124,R,1
1107,S,1
1107,T,1
1102,C,1
1101,Y,1
1096,L,1
1093,D,1
1093,C,1
1091,P,1
1082,S,1
1019,I,1
1080,P,1
1080,T,1
1065,L,1
1063,F,1
1060,L,1
1056,T,1
1046,D,1
1046,S,1
1045,N,1
1045,M,1
1040,L,1
1039,T,1
1033,I,1
1031,D,1
378,N,1
363,P,1
290,E,1
708,Y,1
665,L,1
685,C,1
691,C,1
692,M,1
699,V,1
701,G,1
715,H,1
589,R,1
724,K,1
746,L,1
750,R,1
765,G,1
771,G,1
775,E,1
665,T,1
655,N,1
646,C,1
638,K,1
637,Y,1
634,C,1
631,R,1
629,I,1
625,D,1
625,N,1
621,A,1
621,T,1
616,K,1
611,I,1
605,C,1
602,I,1
600,T,1
783,G,1
784,K,1
791,R,1
862,A,1
920,E,1
916,F,1
916,I,1
913,K,1
903,V,1
897,L,1
897,S,1
893,E,1
884,Y,1
866,I,1
863,H,1
863,A,1
862,L,1
862,Q,1
859,S,1
792,A,1
848,E,1
833,L,1
829,G,1
824,K,1
812,A,1
807,Q,1
804,E,1
796,Y,1
794,I,1
793,R,1
793,Q,1
793,A,1
792,R,1
792,Q,1
591,Y,1
589,Q,1
925,K,1
372,G,1
330,R,1
331,N,1
337,R,1
348,G,1
366,F,1
372,E,1
376,S,1
586,E,1
384,T,1
384,A,1
384,R,1
390,I,1
393,S,1
399,L,1
330,H,1
330,T,1
323,K,1
322,R,1
322,A,1
322,T,1
316,C,1
316,Y,1
315,N,1
308,V,1
306,F,1
296,F,1
295,H,1
294,E,1
294,E,1
293,V,1
292,G,1
409,K,1
409,E,1
415,S,1
519,N,1
583,E,1
581,I,1
579,T,1
573,N,1
561,R,1
560,M,1
553,S,1
543,L,1
542,K,1
531,N,1
527,L,1
527,T,1
522,G,1
520,G,1
514,Y,1
417,M,1
507,Q,1
507,T,1
506,K,1
494,A,1
483,V,1
479,R,1
479,T,1
463,T,1
462,K,1
461,F,1
459,Y,1
449,Y,1
443,C,1
426,L,1
924,D,1
936,D,1
361,S,1
123,P,1
103,A,1
103,V,1
107,R,1
107,C,1
107,A,1
119,I,1
127,L,1
1251,G,1
131,Y,1
131,F,1
136,S,1
143,V,1
154,E,1
158,R,1
97,N,1
97,K,1
96,D,1
96,E,1
93,T,1
89,S,1
72,A,1
69,Y,1
53,Y,1
40,N,1
36,L,1
35,S,1
34,H,1
3,V,1
1,I,1
1265,V,1
1259,E,1
172,S,1
184,C,1
191,K,1
311,A,1
359,T,1
357,T,1
355,S,1
355,K,1
353,C,1
353,C,1
353,S,1
341,F,1
340,Q,1
335,F,1
327,L,1
321,H,1
319,I,1
319,T,1
294,Y,1
199,D,1
291,Y,1
290,H,1
288,P,1
283,A,1
268,C,1
262,D,1
260,P,1
253,V,1
253,H,1
232,D,1
232,R,1
228,N,1
218,H,1
206,N,1
1254,W,1
1245,K,1
938,V,1
1062,L,1
1024,V,1
1026,D,1
1026,G,1
1036,K,1
1053,L,1
1062,L,1
1066,S,1
1238,S,1
1073,K,1
1075,L,1
1076,K,1
1077,S,1
1079,A,1
1080,V,1
1015,G,1
1002,E,1
992,K,1
985,E,1
985,E,1
984,F,1
972,V,1
968,Y,1
966,F,1
965,E,1
958,V,1
957,E,1
950,Y,1
948,F,1
941,R,1
941,K,1
940,C,1
1087,G,1
1090,T,1
1090,H,1
1167,V,1
1235,W,1
1229,M,1
1213,L,1
1213,R,1
1213,A,1
1213,T,1
1203,V,1
1201,E,1
1196,Y,1
1190,D,1
1186,F,1
1178,K,1
1170,Y,1
1169,M,1
1167,G,1
1100,K,1
1161,L,1
1160,R,1
1159,N,1
1146,D,1
1143,H,1
1142,E,1
1140,L,1
1139,Y,1
1133,V,1
1128,V,1
1119,K,1
1117,R,1
1112,A,1
1106,E,1
1273,T,1
