site,amino_acid,alignment_counts
1,M,2221750
2,M,4
27,M,2
32,M,3
64,M,1
68,M,17
69,M,1
71,M,1
77,M,51
78,M,323
87,M,2
88,M,1
89,M,1
95,M,1
97,M,9
100,M,12
101,M,19
105,M,5
113,M,3
125,M,1
137,M,1
140,M,2
141,M,10
143,M,1
153,M,2219919
155,M,3
162,M,1
165,M,2
176,M,6
177,M,2228312
190,M,362
193,M,4
198,M,1
199,M,1
203,M,59
206,M,7
208,M,292
211,M,1
213,M,586
226,M,1
227,M,1
231,M,16
233,M,3
237,M,71
241,M,1
242,M,2
244,M,2
249,M,8
250,M,6
267,M,7
273,M,53
275,M,3
276,M,8
285,M,1
293,M,1
300,M,12
302,M,7
312,M,4
323,M,4
335,M,1
352,M,1
356,M,17
377,M,1
378,M,6
382,M,7
400,M,3
410,M,1
417,M,8
430,M,3
434,M,40
441,M,2
444,M,79
452,M,1061
455,M,1
457,M,3
468,M,4
472,M,1
495,M,1
529,M,21
533,M,2
558,M,7
560,M,3
569,M,1
584,M,1
622,M,5
624,M,16
651,M,1
661,M,1
664,M,5
670,M,63
677,M,5
692,M,10
697,M,2239123
714,M,3
716,M,7
726,M,2
729,M,8
731,M,2237238
740,M,2236249
770,M,2
788,M,12
805,M,166
811,M,1
814,M,14
815,M,8
818,M,1
826,M,23
834,M,13
844,M,4
848,M,1
850,M,2
854,M,2
869,M,2236327
877,M,34
883,M,1
900,M,2236717
902,M,2236854
905,M,1
909,M,4
922,M,33
923,M,3
931,M,2
934,M,30
951,M,2
961,M,520
991,M,3
993,M,1
995,M,1
1008,M,4
1018,M,7
1029,M,2238236
1045,M,16
1050,M,2238992
1063,M,3
1065,M,36
1073,M,279
1081,M,9
1107,M,19
1114,M,15
1122,M,87
1130,M,133
1132,M,1
1141,M,1
1149,M,16
1157,M,10
1169,M,1
1179,M,1
1183,M,6
1191,M,3
1205,M,1
1210,M,10
1216,M,10
1221,M,51
1224,M,54
1227,M,188
1229,M,2233937
1230,M,25
1232,M,3
1233,M,2237881
1234,M,1
1237,M,2233805
1245,M,9
1253,M,1
1257,M,6
1264,M,67
1,-,32
2,-,27
27,-,20
32,-,4
64,-,162
68,-,1309
69,-,985304
71,-,1734
77,-,1
87,-,16
88,-,17
89,-,52
95,-,1
100,-,15
105,-,1
125,-,2
137,-,147
140,-,776
141,-,3193
143,-,5488
153,-,15
155,-,33
162,-,3
165,-,1
176,-,5
177,-,3
190,-,18
193,-,2
198,-,1
199,-,1
203,-,1
208,-,1
211,-,200
213,-,4
226,-,5
227,-,5
231,-,7
233,-,4
237,-,9
241,-,25037
242,-,25622
244,-,210
249,-,2694
250,-,2694
267,-,7
273,-,3
275,-,2
276,-,3
285,-,1
312,-,1
323,-,2
356,-,1
377,-,1
378,-,1
400,-,1
417,-,1
430,-,1
434,-,1
441,-,2
444,-,5
457,-,3
529,-,1
533,-,1
584,-,2
622,-,11
624,-,9
661,-,2
664,-,3
670,-,5
677,-,68
692,-,1
788,-,1
805,-,2
811,-,3
814,-,3
815,-,3
818,-,5
834,-,1
844,-,1
869,-,1
877,-,2
909,-,1
922,-,1
923,-,1
931,-,2
934,-,2
951,-,1
1114,-,1
1130,-,1
1132,-,1
1179,-,1
1183,-,1
1216,-,2
1227,-,1
1229,-,7
1232,-,1
1233,-,1
1234,-,1
1237,-,1
1245,-,2
1253,-,16
1257,-,113
1264,-,83
3,-,27
4,-,30
5,-,27
6,-,31
7,-,83
8,-,25
9,-,25
10,-,18
11,-,18
12,-,21
13,-,20
14,-,153
15,-,158
16,-,163
17,-,107
18,-,76
19,-,45
20,-,31
21,-,33
22,-,24
23,-,21
24,-,41
25,-,19
26,-,21
28,-,13
29,-,12
30,-,6
31,-,6
33,-,1
34,-,1
35,-,2
37,-,3
38,-,4
39,-,1
40,-,6
41,-,7
42,-,1
44,-,1
45,-,1
46,-,1
47,-,2
48,-,2
49,-,2
50,-,2
51,-,5
52,-,99
53,-,51
54,-,14
55,-,4
56,-,4
57,-,5
58,-,8
59,-,8
60,-,15
61,-,77
62,-,72
63,-,164
65,-,162
66,-,236
67,-,419
70,-,985939
72,-,334
73,-,202
74,-,161
75,-,157
76,-,45
82,-,3
83,-,74
84,-,5
85,-,12
86,-,17
90,-,20
91,-,11
92,-,10
93,-,3
94,-,2
98,-,1
99,-,1
102,-,1
107,-,1
108,-,5
109,-,2
110,-,9
111,-,7
116,-,3
117,-,3
119,-,1
120,-,2
121,-,5
124,-,4
128,-,3
129,-,1
130,-,1
131,-,1
132,-,3
133,-,5
134,-,3
135,-,2
136,-,126
138,-,319
139,-,390
142,-,5767
144,-,964616
145,-,480
146,-,939
147,-,42
148,-,25
149,-,14
150,-,11
151,-,12
152,-,10
154,-,35
156,-,498
157,-,201972
158,-,201947
159,-,11
160,-,2
161,-,2
163,-,3
164,-,6
166,-,1
167,-,2
168,-,7
169,-,8
170,-,7
171,-,7
172,-,7
173,-,6
174,-,6
175,-,6
178,-,3
179,-,2
180,-,2
181,-,3
182,-,1
183,-,1
184,-,3
185,-,5
186,-,6
187,-,11
188,-,12
189,-,24
191,-,1
192,-,1
194,-,2
195,-,1
196,-,3
197,-,1
200,-,50
201,-,2
209,-,1
210,-,1034
212,-,17
214,-,1
215,-,5
216,-,6
217,-,6
218,-,3
219,-,4
220,-,2
221,-,3
222,-,2
223,-,2
224,-,2
225,-,6
228,-,5
229,-,6
230,-,6
232,-,4
234,-,3
235,-,9
236,-,9
238,-,10
239,-,10
240,-,474
243,-,25588
245,-,269
246,-,2937
247,-,2814
248,-,2738
251,-,2694
252,-,2700
253,-,10
254,-,13
255,-,13
256,-,38
257,-,43
258,-,46
259,-,18
260,-,18
261,-,45
262,-,22
263,-,20
264,-,10
265,-,10
266,-,6
268,-,4
269,-,4
270,-,4
271,-,4
272,-,4
274,-,2
277,-,2
278,-,2
279,-,3
280,-,3
281,-,3
282,-,1
283,-,1
284,-,1
286,-,1
298,-,1
299,-,1
311,-,1
313,-,2
314,-,2
315,-,4
316,-,4
317,-,6
318,-,4
319,-,3
320,-,2
327,-,1
342,-,5
343,-,1
348,-,1
355,-,1
364,-,3
365,-,3
368,-,1
369,-,1
370,-,2
371,-,3
372,-,3
373,-,3
374,-,13
375,-,12
376,-,11
379,-,1
380,-,1
381,-,1
383,-,2
384,-,2
385,-,3
386,-,6
387,-,1
388,-,1
389,-,2
390,-,1
391,-,1
392,-,2
393,-,13
394,-,13
395,-,1
396,-,1
397,-,1
398,-,1
399,-,1
401,-,1
402,-,1
403,-,1
404,-,1
405,-,1
414,-,1
416,-,1
418,-,1
419,-,1
420,-,1
421,-,1
422,-,1
423,-,1
424,-,1
425,-,1
426,-,1
427,-,2
428,-,1
429,-,1
431,-,1
432,-,1
433,-,1
435,-,1
436,-,1
439,-,3
440,-,3
442,-,2
445,-,5
446,-,3
447,-,4
448,-,5
449,-,4
453,-,1
458,-,2
459,-,3
460,-,2
461,-,2
462,-,2
463,-,2
464,-,2
465,-,2
466,-,2
467,-,2
478,-,1
479,-,1
480,-,2
482,-,5
483,-,5
486,-,4
487,-,1
496,-,1
498,-,2
499,-,1
500,-,1
501,-,2
502,-,5
503,-,4
504,-,4
505,-,2
506,-,2
507,-,2
508,-,2
509,-,2
510,-,2
511,-,1
522,-,3
525,-,1
526,-,1
527,-,3
528,-,1
530,-,1
531,-,2
532,-,1
541,-,1
542,-,1
543,-,1
544,-,1
545,-,1
546,-,1
547,-,1
550,-,1
556,-,1
563,-,2
565,-,1
566,-,2
572,-,1
573,-,1
574,-,1
575,-,1
576,-,1
577,-,1
582,-,1
583,-,2
585,-,1
586,-,1
587,-,1
619,-,8
620,-,8
621,-,8
623,-,6
625,-,6
626,-,5
627,-,5
628,-,5
629,-,6
630,-,4
631,-,5
632,-,5
633,-,5
634,-,3
635,-,3
636,-,3
637,-,5
638,-,4
639,-,4
640,-,66
641,-,73
642,-,4
643,-,2
654,-,2
655,-,2
656,-,2
657,-,4
658,-,2
659,-,2
660,-,3
662,-,2
663,-,2
665,-,3
666,-,5
667,-,6
668,-,6
669,-,5
671,-,5
672,-,5
673,-,6
674,-,1
675,-,64
676,-,69
678,-,70
679,-,143
680,-,25
681,-,33
682,-,31
683,-,28
684,-,23
685,-,14
686,-,14
687,-,10
688,-,9
689,-,4
690,-,1
691,-,1
693,-,1
700,-,2
705,-,1
707,-,1
763,-,1
777,-,1
780,-,1
782,-,1
783,-,1
784,-,1
785,-,1
786,-,1
787,-,1
789,-,1
790,-,3
791,-,3
792,-,6
793,-,3
794,-,3
795,-,3
796,-,3
797,-,3
798,-,3
799,-,4
800,-,3
801,-,3
802,-,2
803,-,2
804,-,2
806,-,2
807,-,2
808,-,3
809,-,2
810,-,4
812,-,3
813,-,3
816,-,3
817,-,1
819,-,10
820,-,9
821,-,28
822,-,4
823,-,2
830,-,1
836,-,26
838,-,1
845,-,1
856,-,5
857,-,5
858,-,5
859,-,6
860,-,3
867,-,1
868,-,1
870,-,1
871,-,1
872,-,1
873,-,1
874,-,1
875,-,1
876,-,1
878,-,1
879,-,1
881,-,4
884,-,2
885,-,3
910,-,1
911,-,1
912,-,1
913,-,1
914,-,1
915,-,1
916,-,1
917,-,1
918,-,1
919,-,1
920,-,1
921,-,1
924,-,1
927,-,1
928,-,1
929,-,1
930,-,2
932,-,2
933,-,2
935,-,2
936,-,2
937,-,2
938,-,4
939,-,4
940,-,4
941,-,17
942,-,5
943,-,4
944,-,4
945,-,4
946,-,1
950,-,1
967,-,1
968,-,1
969,-,1
974,-,1
975,-,1
976,-,1
1014,-,1
1016,-,1
1017,-,1
1022,-,1
1027,-,1
1046,-,1
1047,-,1
1075,-,1
1088,-,1
1089,-,1
1090,-,1
1091,-,1
1092,-,1
1093,-,1
1094,-,1
1095,-,1
1096,-,1
1097,-,1
1098,-,1
1099,-,1
1100,-,1
1134,-,1
1142,-,1
1145,-,1
1146,-,1
1147,-,1
1165,-,1
1166,-,1
1167,-,1
1172,-,1
1176,-,1
1177,-,1
1178,-,1
1180,-,1
1181,-,2
1182,-,1
1185,-,1
1202,-,1
1212,-,2
1213,-,2
1214,-,2
1215,-,1
1218,-,2
1219,-,2
1225,-,1
1226,-,1
1228,-,27
1235,-,1
1236,-,1
1238,-,1
1239,-,3
1240,-,3
1241,-,3
1242,-,1
1243,-,7
1244,-,2
1246,-,2
1247,-,6
1248,-,10
1249,-,8
1250,-,1
1251,-,7
1252,-,9
1254,-,56
1255,-,56
1256,-,64
1258,-,72
1259,-,64
1260,-,56
1261,-,50
1262,-,72
1263,-,84
1265,-,84
1266,-,87
1267,-,98
1268,-,110
1269,-,104
1270,-,110
1271,-,111
1272,-,120
1273,-,123
1274,-,2240352
1,I,7
2,I,3
32,I,4
68,I,2166796
71,I,2
77,I,6
78,I,1
87,I,12
88,I,1
95,I,149895
100,I,2182661
101,I,2182911
105,I,2181496
137,I,5
140,I,12
141,I,22
143,I,67
153,I,3082
155,I,637
162,I,541
176,I,32
177,I,1875
190,I,9
193,I,3
199,I,1
203,I,2231899
208,I,3
211,I,3
226,I,4
227,I,114
231,I,2232101
233,I,2231132
241,I,9
242,I,78
244,I,7
250,I,326
273,I,3
275,I,1
276,I,3
285,I,2117634
293,I,3
312,I,2120800
323,I,1548
356,I,1
377,I,1
400,I,1
410,I,2232699
430,I,112
434,I,2238829
441,I,28
444,I,3
468,I,2216994
472,I,2216970
529,I,1
569,I,2238794
584,I,2239546
622,I,474
624,I,2239697
651,I,2239247
664,I,2238732
670,I,2238185
692,I,2238577
697,I,55
714,I,2238698
716,I,980760
726,I,2238420
731,I,1062
740,I,272
770,I,2233778
788,I,2237074
805,I,2237701
811,I,11
818,I,2236723
834,I,2238038
844,I,2238600
850,I,2239658
869,I,104
883,I,468
900,I,89
902,I,18
909,I,2237276
923,I,2236562
931,I,2236305
934,I,2236385
993,I,2237761
1018,I,2237942
1029,I,72
1050,I,478
1081,I,2239835
1114,I,2238685
1130,I,2239301
1132,I,2239483
1169,I,2238484
1179,I,2238032
1183,I,2237781
1210,I,2238535
1216,I,2237893
1221,I,2238212
1227,I,2238224
1229,I,2983
1232,I,2237593
1233,I,123
1234,I,81
1237,I,2979
1264,I,9
3,I,69
4,I,123
5,I,5
6,I,214
7,I,33
8,I,2
10,I,39
11,I,57
13,I,46862
16,I,68
17,I,6
18,I,14
19,I,2607
20,I,7227
21,I,2954
22,I,3394
24,I,16
29,I,2508
30,I,16
33,I,2542
41,I,9
42,I,64
44,I,6
47,I,124
49,I,5
51,I,2065
55,I,2
56,I,1
59,I,3
61,I,1
62,I,248
63,I,61
65,I,2
70,I,2507
73,I,308
74,I,5
76,I,5281
83,I,335
84,I,109
86,I,4
90,I,161
92,I,1
102,I,1363
108,I,14
109,I,9
110,I,10
117,I,47
119,I,2163068
120,I,47
121,I,33
124,I,89
128,I,2165525
129,I,1
130,I,6
133,I,2
135,I,3
138,I,1
139,I,1
142,I,2
144,I,4
145,I,1
147,I,57
148,I,2
149,I,63
150,I,116
151,I,641
157,I,14
158,I,31
159,I,64
160,I,3
163,I,1
164,I,28
167,I,12
168,I,1
171,I,37
174,I,1
175,I,4
179,I,159
181,I,3
182,I,14
185,I,19
186,I,5
187,I,4
188,I,4
189,I,11
192,I,3
196,I,3
197,I,2230972
200,I,1
201,I,2
210,I,2228192
212,I,179
216,I,28
217,I,5
218,I,6
220,I,128
221,I,1
222,I,6
223,I,2
228,I,1
229,I,6
235,I,2231542
236,I,1
238,I,3
240,I,1457
246,I,389
247,I,77
257,I,1
259,I,374
260,I,4
266,I,1
270,I,13
274,I,191
277,I,3
278,I,2
280,I,3
282,I,7
284,I,2115
286,I,293
299,I,1299
313,I,1
315,I,37
319,I,2
320,I,66
327,I,1278
342,I,12
368,I,64
370,I,1
376,I,209
385,I,564
388,I,1
390,I,3
391,I,1
392,I,1
393,I,21
394,I,6
395,I,29
401,I,15
402,I,2232794
403,I,6
418,I,2236215
422,I,2
429,I,1
433,I,53
439,I,8
440,I,8
442,I,2
445,I,64
448,I,1
460,I,60
461,I,20
462,I,6
466,I,8
467,I,1
478,I,817
483,I,66
486,I,22
487,I,2
500,I,7
501,I,29
503,I,357
509,I,1
510,I,2
511,I,17
528,I,31
531,I,1
532,I,7
543,I,3
544,I,1
547,I,1612
556,I,7
565,I,5
572,I,7353
573,I,776
576,I,18
577,I,1
583,I,1
585,I,11
587,I,2239585
620,I,43
623,I,2
629,I,63
630,I,19
632,I,88
635,I,156
638,I,235
641,I,4
642,I,62
643,I,6
656,I,21
657,I,4
658,I,1
666,I,2238577
673,I,31
676,I,902
678,I,1481
679,I,18
686,I,2
687,I,478
689,I,1060
693,I,2238806
705,I,45
763,I,5
783,I,1
785,I,219
786,I,2
790,I,15
791,I,3533
793,I,1
794,I,2237492
795,I,3
797,I,2
801,I,2
802,I,1
813,I,1014
820,I,1
821,I,41
822,I,16
823,I,1
856,I,4
858,I,14
859,I,2425
860,I,98
870,I,2235659
874,I,89
878,I,1
881,I,13
911,I,183
912,I,38
914,I,2
915,I,102
916,I,2
921,I,3
927,I,1
929,I,510
933,I,1
938,I,168
941,I,77
943,I,252
945,I,5
950,I,2
967,I,1
976,I,11
1014,I,9
1027,I,59090
1046,I,1
1047,I,1
1094,I,103
1095,I,1
1096,I,27
1100,I,71
1172,I,2237667
1176,I,5
1177,I,701
1178,I,1
1181,I,15
1218,I,14
1225,I,2237858
1228,I,125
1238,I,567
1239,I,22
1242,I,748
1244,I,113
1248,I,3
1255,I,6
1256,I,2
1261,I,1
1265,I,13
1266,I,3
1268,I,287
1270,I,7
1272,I,6
1273,I,300
36,I,67
79,I,1
81,I,1
106,I,3
114,I,4
118,I,118
122,I,1
126,I,20
127,I,45
287,I,1
288,I,1
289,I,804
291,I,1
294,I,1
296,I,14
306,I,3
307,I,2009
308,I,113
310,I,1
324,I,5
326,I,2192526
328,I,1
329,I,1
332,I,2238036
333,I,27
334,I,1
341,I,100
345,I,2
346,I,98
347,I,2
350,I,4
354,I,8
357,I,15
358,I,2235134
359,I,3
362,I,15
366,I,1
367,I,108
407,I,82
408,I,307
415,I,14
437,I,1
450,I,1
454,I,3
456,I,1
470,I,243
473,I,1
477,I,884
481,I,3
490,I,19
492,I,2
497,I,1
512,I,12
513,I,6
517,I,35
518,I,20
519,I,1
523,I,25
524,I,10
534,I,68
535,I,1
537,I,1
539,I,52
540,I,1
549,I,843
551,I,42
552,I,16
553,I,428
557,I,1
559,I,3
567,I,25
581,I,3
588,I,118
595,I,80
596,I,23
597,I,21
598,I,2239599
599,I,9
602,I,4
603,I,7
604,I,141
606,I,1
608,I,99
610,I,24
611,I,3
615,I,213
616,I,9
618,I,711
645,I,9
650,I,5
696,I,5
699,I,194
701,I,4
703,I,32
704,I,1
709,I,2
712,I,2238401
719,I,1474
720,I,2238171
721,I,10
722,I,191
723,I,1236
724,I,94
727,I,10
732,I,1242
734,I,8
736,I,172
739,I,107
742,I,2238550
747,I,1565
750,I,38
751,I,14
752,I,31
758,I,22
759,I,1
761,I,161
767,I,1
768,I,58
771,I,1
772,I,7642
778,I,789
781,I,2
824,I,1
825,I,1
827,I,472
828,I,25
835,I,5
841,I,62
847,I,35
849,I,16
855,I,1
865,I,3
866,I,4
882,I,2236486
887,I,2
888,I,1
894,I,1
896,I,2236690
898,I,1
906,I,1
908,I,1
925,I,17
947,I,11
948,I,42
952,I,43
953,I,1
955,I,1
962,I,1
963,I,9
964,I,7
966,I,1
970,I,1
973,I,2237332
977,I,1
980,I,2237592
981,I,32
986,I,4
987,I,13
997,I,2237743
998,I,25
1000,I,2
1003,I,1
1006,I,922
1009,I,297
1013,I,2238156
1019,I,6
1023,I,4
1024,I,10
1033,I,4
1034,I,26
1038,I,2
1039,I,1
1040,I,21
1042,I,2
1048,I,1
1049,I,69
1052,I,10
1056,I,1
1060,I,46
1061,I,32
1066,I,9
1068,I,67
1076,I,162
1077,I,31
1086,I,2
1104,I,546
1108,I,2
1109,I,44
1115,I,2239770
1116,I,32
1117,I,1967
1120,I,206
1128,I,121
1129,I,151
1133,I,116
1135,I,6
1136,I,93
1137,I,31
1138,I,1
1152,I,1
1154,I,6
1158,I,1
1160,I,28
1164,I,117
1186,I,15
1187,I,14
1189,I,58
1192,I,18
1194,I,4
1197,I,9
1198,I,2238478
1200,I,25
1203,I,15
1220,I,1
1231,I,139
1,V,2
2,V,29
27,V,1651
32,V,8
68,V,29
87,V,1
88,V,5
89,V,3
95,V,2
100,V,205
101,V,32
105,V,110
125,V,3
140,V,8
141,V,87
143,V,2142981
153,V,270
165,V,1
177,V,102
193,V,2230550
198,V,2
199,V,34
203,V,106
213,V,2230668
226,V,15
227,V,2231846
231,V,25
233,V,1244
241,V,21
242,V,3
244,V,13
249,V,47
267,V,2113381
275,V,3
276,V,5
285,V,3
293,V,3
312,V,69
335,V,3
352,V,77
377,V,1
382,V,2228633
410,V,135
417,V,8
434,V,154
441,V,6
452,V,4
455,V,3
468,V,188
472,V,41
569,V,86
584,V,134
622,V,2233505
624,V,15
651,V,99
661,V,8
664,V,5
670,V,324
692,V,33
714,V,192
716,V,328
726,V,87
729,V,2238279
731,V,4
740,V,1863
770,V,93
788,V,69
805,V,236
815,V,1
818,V,1231
826,V,2238511
834,V,152
844,V,558
850,V,38
869,V,1
902,V,6
909,V,315
922,V,2
923,V,4
931,V,274
934,V,87
951,V,2236870
991,V,2237733
993,V,8
1008,V,2237773
1018,V,95
1029,V,30
1050,V,20
1063,V,3
1065,V,2239722
1081,V,54
1114,V,409
1122,V,2237833
1130,V,184
1132,V,169
1169,V,140
1179,V,31
1183,V,95
1210,V,103
1216,V,127
1221,V,64
1224,V,13
1227,V,43
1229,V,203
1230,V,2237153
1232,V,121
1233,V,75
1234,V,2
1237,V,372
1264,V,2231954
3,V,2221229
4,V,2
5,V,3
6,V,2219768
7,V,9
8,V,154
9,V,1
10,V,5
11,V,2221602
12,V,1
16,V,2221745
17,V,2
18,V,7
21,V,1
22,V,3
24,V,18
25,V,5
33,V,4
35,V,144
40,V,1
42,V,2235956
45,V,3
47,V,2234340
49,V,6
54,V,1
62,V,2184248
65,V,3
67,V,10489
70,V,1174932
72,V,80
75,V,5285
83,V,2175736
84,V,3
86,V,1
90,V,2171121
92,V,8
93,V,17
107,V,1
110,V,7
111,V,2
116,V,2
119,V,124
120,V,2162177
128,V,131
130,V,2164311
131,V,1
132,V,2
135,V,5
136,V,1
138,V,13
142,V,284
144,V,3066
145,V,1
147,V,2
151,V,2
154,V,15
156,V,221
157,V,5
159,V,2230743
163,V,467
168,V,1
169,V,2
171,V,2230221
175,V,3
178,V,18
179,V,1
180,V,1087
181,V,3380
184,V,130
185,V,1
186,V,13
189,V,2
191,V,1
197,V,342
200,V,1
210,V,100
212,V,44
215,V,103
217,V,3
219,V,30
220,V,7
222,V,193968
223,V,1
224,V,7
225,V,8
228,V,14
229,V,2
232,V,101
235,V,25
238,V,1
240,V,5
243,V,410
252,V,703
253,V,49
254,V,1
257,V,366
259,V,1
260,V,155
261,V,1079
262,V,209
263,V,204
264,V,117
265,V,1
268,V,4
270,V,1
277,V,1
281,V,106
283,V,4
311,V,3
318,V,1
320,V,2123066
327,V,2190061
348,V,19
372,V,161
374,V,2
376,V,1
390,V,2
392,V,6
395,V,2232702
397,V,9
401,V,2232939
402,V,107
404,V,2
405,V,1
418,V,11
419,V,11
420,V,1
425,V,7
427,V,23
428,V,5
429,V,1
431,V,2
432,V,1
433,V,2239063
435,V,1
439,V,5
442,V,12
445,V,2216997
446,V,1154
447,V,43
449,V,2
460,V,2
467,V,1
482,V,17
483,V,2215308
486,V,1
496,V,32
501,V,3
502,V,3
503,V,2213666
504,V,11
510,V,2215577
511,V,2215360
522,V,982
543,V,14
545,V,2
546,V,77
550,V,2
556,V,1
565,V,9
566,V,3
573,V,3
574,V,7
575,V,7
576,V,2239600
583,V,8
585,V,2
587,V,45
619,V,10
620,V,2239753
623,V,464
626,V,269
627,V,2
629,V,9
631,V,3
635,V,2239610
639,V,72
641,V,1
642,V,2239717
654,V,79
656,V,2238581
658,V,3
666,V,84
667,V,2
668,V,25
672,V,868
684,V,1507
687,V,2237478
688,V,8375
693,V,22
700,V,5
705,V,2238844
763,V,2
780,V,27
783,V,220
785,V,2236837
794,V,60
796,V,2
797,V,1
798,V,6
799,V,19
800,V,2
802,V,1
806,V,18
808,V,3
816,V,1
817,V,7
820,V,3
821,V,73
822,V,4
830,V,3
838,V,11
845,V,688
857,V,2
858,V,21
860,V,2239496
867,V,1
868,V,3
870,V,732
871,V,711
876,V,2
878,V,13
879,V,1220
885,V,2
910,V,1
911,V,2237508
915,V,2236786
918,V,4
924,V,81
927,V,1
930,V,162
932,V,92
936,V,100
938,V,4
942,V,189
944,V,6
946,V,411
976,V,2237376
1016,V,117
1022,V,2
1027,V,2
1046,V,2
1075,V,21
1089,V,2
1092,V,11
1093,V,1
1094,V,2239710
1096,V,2239856
1099,V,7
1145,V,1
1146,V,1
1165,V,9
1166,V,5
1167,V,2913
1172,V,119
1176,V,2173160
1177,V,2237214
1182,V,1
1202,V,23
1219,V,5328
1225,V,136
1226,V,79
1228,V,2232502
1241,V,10
1242,V,2
1243,V,8
1244,V,12
1246,V,39
1247,V,7
1248,V,8
1251,V,974
1258,V,49
1259,V,10
1262,V,21
1267,V,177
1268,V,2238064
36,V,2230856
79,V,7
81,V,3
118,V,6
126,V,2164082
127,V,2164560
287,V,3
288,V,83
289,V,2130037
294,V,2
306,V,11
308,V,2118553
324,V,42
326,V,47
329,V,2
332,V,36
341,V,2238242
350,V,2238642
358,V,13
362,V,2231420
367,V,2226961
407,V,2233204
456,V,1
490,V,87
492,V,1
512,V,2213983
517,V,4
518,V,5
524,V,2223166
534,V,2239100
535,V,4
539,V,2239695
549,V,3
551,V,2239113
552,V,2
595,V,2239595
597,V,2239685
598,V,92
608,V,2239799
610,V,2239744
615,V,2239355
650,V,1
699,V,1
701,V,55374
712,V,616
720,V,821
722,V,2238691
727,V,3
732,V,2
736,V,2238459
742,V,5
752,V,16
767,V,1
771,V,71
772,V,2226295
781,V,2237277
828,V,1
841,V,3
855,V,5
882,V,18
888,V,3
894,V,1
896,V,25
906,V,1
908,V,1
952,V,2236618
963,V,2239076
973,V,5
980,V,6
981,V,3
987,V,2237730
997,V,6
1013,V,4
1024,V,1
1033,V,2238646
1040,V,2238066
1049,V,9
1052,V,16
1056,V,118
1060,V,2240010
1061,V,2240001
1068,V,2239268
1104,V,2235853
1115,V,179
1120,V,1
1128,V,2239697
1129,V,2239505
1133,V,2238774
1137,V,2239568
1164,V,2238531
1189,V,2238365
1198,V,22
1200,V,5
1203,V,5
1220,V,1
43,V,1
80,V,13
96,V,53
103,V,1
123,V,90
290,V,3
292,V,8
301,V,1
303,V,1
309,V,6
339,V,26
340,V,1
344,V,43
363,V,11
406,V,1
411,V,25
413,V,25
443,V,1
471,V,17
475,V,928
476,V,11
484,V,8
485,V,56
516,V,4
520,V,214
548,V,1
554,V,26
562,V,2
568,V,1
570,V,505
592,V,1
593,V,6
594,V,14
609,V,3
614,V,3
647,V,125
648,V,1
652,V,2
653,V,5310
694,V,567
702,V,20
706,V,1942
710,V,60
713,V,15
717,V,1
725,V,2
737,V,7
744,V,5
745,V,3
748,V,3
753,V,2
754,V,2
757,V,2
766,V,9
769,V,13302
773,V,2
829,V,41
831,V,1097
832,V,5
833,V,9
839,V,463
842,V,219
843,V,3
846,V,1091
852,V,151
861,V,4
864,V,9
880,V,2
889,V,2
890,V,480
891,V,13
892,V,1132
893,V,215
899,V,16
903,V,2
926,V,1
956,V,1
958,V,1
959,V,4
971,V,3
972,V,1
979,V,16
982,V,1
994,V,1
999,V,2
1004,V,1
1015,V,1
1020,V,1066
1025,V,1
1026,V,11
1031,V,2
1035,V,33
1043,V,3
1059,V,1
1070,V,989
1072,V,6
1078,V,516
1080,V,2
1084,V,4
1085,V,57
1087,V,38
1103,V,4
1111,V,12
1118,V,21
1121,V,4
1124,V,3042
1127,V,6
1131,V,3
1139,V,1
1144,V,28
1150,V,15
1151,V,4
1153,V,3
1156,V,1
1163,V,50
1168,V,2
1171,V,255
1174,V,521
1188,V,4
1190,V,9
1193,V,1
1195,V,5
1199,V,12
1204,V,3
1207,V,9
1222,V,26
1223,V,38
1,L,13
2,L,353
27,L,5
32,L,303
64,L,174
68,L,88
69,L,10
87,L,4
89,L,1
100,L,21
101,L,19
105,L,54
137,L,3
140,L,252
141,L,2170407
143,L,14
153,L,19
162,L,2
176,L,2224925
177,L,95
193,L,444
198,L,2
203,L,28
206,L,1
213,L,919
226,L,2232434
227,L,416
231,L,31
233,L,44
241,L,2206990
242,L,2205447
244,L,2237136
249,L,2233929
267,L,247
275,L,14
276,L,2112775
285,L,2
293,L,2121043
302,L,1
312,L,12
335,L,2237992
377,L,11
382,L,1060
400,L,2
410,L,4
434,L,10
441,L,2224815
444,L,12
452,L,1927519
455,L,2215462
468,L,5
472,L,16
529,L,5
533,L,2239332
560,L,2239047
569,L,5
584,L,2
622,L,176
624,L,5
651,L,1
664,L,6
670,L,24
677,L,143
692,L,6
697,L,13
714,L,24
716,L,11
729,L,9
731,L,29
740,L,111
770,L,2
788,L,32
805,L,38
818,L,2
826,L,309
834,L,2
850,L,107
869,L,8
877,L,2236588
900,L,16
902,L,5
909,L,1
922,L,2235958
934,L,72
951,L,1
961,L,1
991,L,8
1008,L,4
1018,L,11
1029,L,1
1050,L,14
1063,L,2238802
1065,L,262
1081,L,35
1114,L,58
1122,L,1903
1130,L,39
1132,L,1
1141,L,2239185
1169,L,55
1179,L,6
1183,L,23
1210,L,5
1216,L,25
1221,L,29
1224,L,2237366
1227,L,8
1229,L,132
1230,L,693
1232,L,136
1233,L,51
1234,L,2237951
1237,L,81
1264,L,6090
3,L,2
4,L,19
5,L,2135542
6,L,22
7,L,2222410
8,L,2221813
9,L,1736
10,L,2221210
11,L,19
12,L,3
14,L,25
16,L,112
18,L,2077835
21,L,3
23,L,76
24,L,2223489
25,L,692
26,L,1773
28,L,1
30,L,2
34,L,40
39,L,15
42,L,3
46,L,103
47,L,3
48,L,2234755
49,L,16
50,L,288
52,L,108
54,L,2188474
55,L,7
56,L,2195666
57,L,12
58,L,15
59,L,26
62,L,305
65,L,21
66,L,7
70,L,85
82,L,68
83,L,42
84,L,2174781
85,L,18
86,L,14
90,L,37
91,L,1
92,L,9
108,L,1
109,L,1
110,L,2166568
117,L,2165878
119,L,1
120,L,111
124,L,1
128,L,1
130,L,50
133,L,4
134,L,21
135,L,56
139,L,25
144,L,13
145,L,18
146,L,24
151,L,1
152,L,11276
156,L,1
157,L,2839
158,L,2
159,L,6
160,L,1
161,L,1
163,L,2
167,L,2
168,L,21
170,L,1
171,L,70
173,L,30
174,L,250
175,L,86
179,L,2229907
181,L,24
183,L,51
185,L,6
186,L,94
189,L,2223240
192,L,10
194,L,7
197,L,1
201,L,10
209,L,216
210,L,3
212,L,2231965
214,L,1244
216,L,2228890
217,L,15
218,L,11
219,L,1
220,L,105
221,L,3592
223,L,2233143
225,L,9
229,L,2232154
230,L,26
234,L,3
238,L,4
239,L,31
245,L,3
251,L,1862
254,L,5
255,L,13
256,L,2523
257,L,1
258,L,5562
259,L,5
260,L,2
261,L,1
263,L,2
264,L,4
270,L,2117187
271,L,27
272,L,9882
274,L,1
277,L,2112838
281,L,1
299,L,5
314,L,6
316,L,3
318,L,13
319,L,2
320,L,7
327,L,1
342,L,9
368,L,2230260
372,L,2
373,L,306
374,L,22
376,L,1
380,L,1
381,L,3
384,L,1924
386,L,3
387,L,2230547
390,L,2232524
392,L,7
393,L,1
395,L,13
397,L,3
399,L,1
401,L,94
402,L,15
414,L,6
425,L,2239259
426,L,2
429,L,2
433,L,3
436,L,6
442,L,1
445,L,3
459,L,1
461,L,2217198
462,L,3
463,L,9
464,L,32
479,L,144
483,L,29
486,L,333
498,L,1
499,L,26
503,L,17
506,L,1
507,L,5
510,L,11
511,L,9
522,L,2
527,L,6
541,L,2
543,L,29
546,L,2239300
565,L,814
576,L,2
577,L,6
582,L,2239725
585,L,2238964
587,L,5
620,L,14
621,L,45
623,L,3
625,L,12
626,L,4
628,L,11
629,L,2239975
631,L,58
634,L,26
642,L,5
643,L,76
655,L,17
656,L,2
659,L,173
665,L,1
666,L,2
673,L,1
675,L,66
679,L,1
681,L,588
682,L,42
683,L,137
684,L,2
687,L,594
690,L,23
691,L,1
705,L,103
707,L,1
763,L,2237603
780,L,1
782,L,6
784,L,78
785,L,37
787,L,32
790,L,2
792,L,44
793,L,108
794,L,216
796,L,1
797,L,42
800,L,1
802,L,3
803,L,22
804,L,4
806,L,2237929
807,L,170
809,L,389
810,L,203
812,L,2577
817,L,41
821,L,2238475
822,L,2237060
823,L,2
836,L,84
858,L,2239551
860,L,116
870,L,1
872,L,13
878,L,2236586
879,L,1
913,L,4
915,L,1
916,L,2236941
920,L,1
927,L,5
936,L,1
937,L,71
938,L,2234284
940,L,1
945,L,2236456
946,L,4
974,L,4
1075,L,80
1089,L,4
1090,L,6
1091,L,349
1094,L,1
1095,L,33
1096,L,2
1097,L,29
1142,L,14
1145,L,2239906
1147,L,464
1166,L,2238900
1172,L,4
1176,L,2
1177,L,139
1180,L,15
1185,L,51
1212,L,4
1213,L,2
1214,L,11
1215,L,1
1218,L,2238269
1219,L,1
1225,L,23
1228,L,5134
1235,L,1
1244,L,2237856
1247,L,3
1250,L,9
1252,L,1
1254,L,11
1256,L,10
1261,L,6
1263,L,2954
1265,L,2238293
1268,L,3
1269,L,1
1270,L,2238317
1271,L,2
1272,L,1
1273,L,1
36,L,12
79,L,345
106,L,8
114,L,1
118,L,2162740
126,L,1
127,L,3
289,L,303
296,L,2120735
306,L,633
307,L,1
308,L,2260
310,L,2
324,L,1
326,L,3
329,L,19
347,L,5
350,L,1
357,L,1
358,L,5
362,L,6
366,L,2
367,L,918
407,L,2
456,L,39
470,L,1
490,L,678
492,L,2216928
497,L,2
512,L,2
513,L,2213015
517,L,2211848
518,L,2211802
519,L,2
524,L,1
534,L,12
539,L,11
552,L,2239054
559,L,4
595,L,1
597,L,1
598,L,2
604,L,3
611,L,2239699
615,L,16
650,L,2239297
699,L,2239004
701,L,2
704,L,3061
712,L,1
720,L,1
722,L,1
727,L,2238526
736,L,5
742,L,1
752,L,2236740
759,L,3
767,L,2237780
772,L,4
781,L,4
828,L,2238798
841,L,2238517
849,L,2239799
855,L,55
865,L,2236552
888,L,7083
894,L,2236724
896,L,213
898,L,1
906,L,3
947,L,1
948,L,2236919
952,L,2
962,L,2239059
963,L,1
966,L,2237759
977,L,2237531
981,L,2237567
987,L,4
997,L,1
1013,L,3
1024,L,2238015
1033,L,8
1034,L,2238691
1040,L,1
1042,L,12
1049,L,2239380
1052,L,302
1060,L,30
1061,L,1
1068,L,28
1104,L,3499
1109,L,79
1115,L,10
1128,L,36
1129,L,79
1133,L,48
1152,L,2239994
1164,L,3
1186,L,2238192
1197,L,2238545
1198,L,1
1200,L,2237362
1203,L,2238045
1220,L,24
43,L,7
123,L,1
290,L,3
303,L,2117653
363,L,1
443,L,2
520,L,5
562,L,2
592,L,12
647,L,1
648,L,2
652,L,4
653,L,1
706,L,1
713,L,3
753,L,2238810
754,L,2237485
833,L,11
861,L,2239844
864,L,2236670
926,L,10
959,L,2239733
982,L,97
1004,L,2237896
1085,L,21
1103,L,76
1121,L,202
1156,L,77
1193,L,2238698
104,L,2
112,L,1226
115,L,15
207,L,7
295,L,4
297,L,23
304,L,1
321,L,61
322,L,4
325,L,1
330,L,109
337,L,38
338,L,196
353,L,4
360,L,1
409,L,4
412,L,23
469,L,7
491,L,5
493,L,72
494,L,128
515,L,8
521,L,46
561,L,38
564,L,16
579,L,4
580,L,16
589,L,2
600,L,10
607,L,35
613,L,5
644,L,6
646,L,34
698,L,624
715,L,2
718,L,1
728,L,64
735,L,160
746,L,2
755,L,1
760,L,1
762,L,2
765,L,365
774,L,2
779,L,77
837,L,1
853,L,3
862,L,6
863,L,6
886,L,83
895,L,1
949,L,2
954,L,34
957,L,1082
965,L,1
984,L,2237677
996,L,2237626
1001,L,2237779
1002,L,4
1005,L,4
1010,L,20
1011,L,35
1012,L,2238015
1030,L,14
1036,L,1
1037,L,4
1053,L,1
1054,L,3
1055,L,24
1057,L,6
1058,L,5
1062,L,35
1069,L,8
1071,L,1759
1079,L,5
1101,L,1
1102,L,90
1106,L,5
1112,L,107
1113,L,197
1140,L,2
1143,L,119
1148,L,5
1159,L,21
1161,L,1
1162,L,1800
1175,L,12
1201,L,139
1208,L,7
1217,L,21
1,N,2
64,N,3
69,N,54
71,N,1
77,N,497
78,N,1
87,N,2173009
88,N,45
95,N,195
97,N,300
105,N,2
113,N,41
125,N,2166054
137,N,2172309
143,N,1
155,N,142
162,N,41
165,N,2231685
190,N,1
198,N,3
206,N,7
211,N,2231869
213,N,6
237,N,6
250,N,257
276,N,1
285,N,1
300,N,1
352,N,2
356,N,32
378,N,155
410,N,1
417,N,25158
430,N,1
441,N,1
444,N,201
472,N,1
495,N,1
529,N,62
558,N,2527
569,N,9
584,N,3
788,N,1
811,N,5
814,N,9
815,N,1
834,N,23
844,N,3
848,N,3
850,N,2
854,N,1237
923,N,1
993,N,1
1045,N,228
1073,N,2596
1149,N,12
1157,N,75
1179,N,4
1191,N,34067
1205,N,661
1216,N,2
1245,N,141
1257,N,1
13,N,100
17,N,2221218
19,N,3
20,N,53761
21,N,1
22,N,269
28,N,10
30,N,2222388
38,N,4
39,N,2
40,N,1
41,N,45
46,N,6
48,N,1
49,N,1
51,N,5
52,N,3
53,N,127
55,N,1
59,N,5
61,N,2185509
63,N,41
66,N,20
67,N,1
70,N,112
73,N,29
74,N,2182174
75,N,3
76,N,594
85,N,2
91,N,1
99,N,2183518
108,N,16
109,N,2
111,N,930
121,N,2165131
124,N,5
128,N,1
129,N,11
132,N,13
134,N,6
138,N,362
142,N,12
144,N,1
145,N,204
146,N,38
147,N,209
148,N,2233036
149,N,2236395
150,N,320
151,N,104
160,N,1
161,N,1
164,N,2229920
167,N,2
169,N,1
170,N,1
171,N,1
178,N,788
182,N,50
185,N,2230300
187,N,12
188,N,2230962
191,N,3
195,N,2
196,N,2231291
197,N,3
200,N,3
210,N,4
214,N,7
215,N,93
224,N,1
228,N,13
234,N,2232363
235,N,1
236,N,1
240,N,6
245,N,65
246,N,11
247,N,95
248,N,7
253,N,2805
255,N,6
256,N,6
257,N,2
265,N,2
269,N,8
274,N,50
278,N,14
279,N,2
280,N,2119436
282,N,2117665
284,N,6
313,N,2
315,N,2
317,N,2121405
318,N,4
343,N,2237644
364,N,10
365,N,1
369,N,6
370,N,2229472
371,N,1
376,N,16
380,N,2
385,N,671
388,N,2232610
389,N,15
393,N,2
394,N,2232542
396,N,1
398,N,1
402,N,2
405,N,15
418,N,1
420,N,27
422,N,2239292
424,N,2
427,N,1684
433,N,1
439,N,2195359
440,N,2218767
442,N,1
448,N,2212854
449,N,22
458,N,155
460,N,2217191
462,N,2
467,N,1
478,N,3
479,N,1
487,N,2216673
500,N,1
501,N,1156585
504,N,24
508,N,2
531,N,5
532,N,2239222
542,N,2239701
544,N,2239655
556,N,2238810
572,N,49
573,N,4
574,N,49
582,N,3
586,N,11
625,N,6
627,N,85
630,N,11
632,N,292
641,N,2239608
655,N,3
657,N,2238229
658,N,2237902
663,N,1
666,N,1
674,N,2
676,N,8
678,N,35
679,N,2235755
686,N,10
688,N,5
689,N,16
707,N,1
777,N,2237687
786,N,39
789,N,9
790,N,70
794,N,125
795,N,326
796,N,118
801,N,2234907
804,N,1
808,N,120
813,N,764
820,N,18
830,N,12
856,N,2239284
859,N,14976
867,N,31
873,N,1
874,N,19
914,N,2236906
919,N,2236915
921,N,6
928,N,2236492
929,N,30
936,N,3269
943,N,50
950,N,205198
967,N,35
969,N,2237106
975,N,12
1027,N,16
1047,N,1
1088,N,2
1097,N,3
1098,N,2239958
1099,N,3
1134,N,2239570
1146,N,70
1165,N,37
1178,N,2237862
1180,N,3
1181,N,56
1225,N,1
1238,N,31
1239,N,19
1242,N,48
1244,N,3
1246,N,1
1250,N,1
1254,N,1
1255,N,34
1259,N,13
1260,N,1608
1262,N,8
1266,N,27
1269,N,6
1271,N,15
1272,N,1
81,N,2176740
122,N,2164813
126,N,1
287,N,31
294,N,25
307,N,33
310,N,2
332,N,1
334,N,2238172
345,N,1
354,N,2237201
359,N,180
415,N,63
437,N,2239143
450,N,2212658
470,N,167
477,N,62485
481,N,2217428
519,N,21
523,N,32
537,N,20
540,N,2238953
553,N,13
596,N,14
603,N,2239574
604,N,66
606,N,2239707
616,N,2239315
703,N,2238730
709,N,2239140
719,N,12
723,N,4
732,N,2
739,N,3
747,N,336
750,N,49
751,N,2238563
768,N,24
771,N,4
778,N,32
781,N,1
824,N,2238740
835,N,9
882,N,1
925,N,2236376
947,N,4
952,N,2
953,N,2239598
955,N,2235070
980,N,2
986,N,66
1003,N,1
1009,N,6
1023,N,2237731
1038,N,26
1048,N,1
1066,N,314
1077,N,1
1086,N,7
1108,N,2239712
1116,N,242
1133,N,1
1135,N,2239494
1138,N,1
1154,N,3
1158,N,2239969
1187,N,2237749
1192,N,2238466
1194,N,2238669
43,N,3
80,N,287
123,N,2
290,N,2
554,N,3
568,N,47
614,N,259
710,N,2238497
717,N,2238783
745,N,1
832,N,8
839,N,47
843,N,573
899,N,4
926,N,1
971,N,1
1084,N,46
1118,N,2
1127,N,11
1139,N,192
1153,N,43
1163,N,82
1168,N,18
1188,N,3
1199,N,133
112,N,11
207,N,7
304,N,13
360,N,2232790
863,N,1
957,N,3
1058,N,1
1101,N,21
202,N,14
204,N,3
305,N,1
331,N,2237909
361,N,4
489,N,1
514,N,1
536,N,2239595
571,N,3
578,N,2
612,N,1
695,N,2
733,N,3
764,N,2237319
775,N,1
776,N,2
907,N,2237641
960,N,2239764
978,N,2237489
985,N,16
1041,N,1
1067,N,1
1074,N,2239445
1083,N,10
1110,N,1
1119,N,2239865
1125,N,2239777
1173,N,2237673
1184,N,40
1211,N,1
1,F,5
2,F,2222115
32,F,2222585
64,F,1
68,F,22
69,F,1363
71,F,345
87,F,1
140,F,2174580
141,F,1138
143,F,1966
153,F,1
155,F,1
176,F,6050
211,F,1
213,F,11
226,F,42
231,F,10
241,F,12
242,F,327
244,F,63
249,F,63
250,F,1
275,F,2114695
276,F,1
293,F,50
312,F,4
335,F,239
377,F,2229538
382,F,1
400,F,2233137
410,F,1
441,F,36
444,F,6
452,F,4
455,F,799
468,F,5
472,F,2
495,F,3
533,F,11
560,F,1
569,F,231
622,F,5396
624,F,1
692,F,21
726,F,1
788,F,2
805,F,1
818,F,1
826,F,1
834,F,85
844,F,2
850,F,53
922,F,578
923,F,1
931,F,2
1018,F,1
1063,F,1318
1065,F,1
1081,F,14
1114,F,22
1122,F,2
1132,F,3
1141,F,62
1169,F,196
1179,F,1
1216,F,3
1224,F,781
1230,F,2
1232,F,132
1234,F,72
1253,F,440
1264,F,31
3,F,34
4,F,2222731
5,F,85183
6,F,936
7,F,23
8,F,443
11,F,150
12,F,8692
15,F,286
16,F,1096
18,F,143563
20,F,5
21,F,12
22,F,9
23,F,5
24,F,120
25,F,4
26,F,39
28,F,16
29,F,2
31,F,39
37,F,1
42,F,12
45,F,73
47,F,135
48,F,2
51,F,3
54,F,6000
55,F,2195228
58,F,2192126
59,F,2189647
60,F,15
62,F,16
65,F,2184387
66,F,3
67,F,1
70,F,1327
76,F,4
82,F,3
83,F,202
86,F,2173111
90,F,1051
91,F,1
92,F,2171192
93,F,1
94,F,3817
98,F,34741
109,F,1
110,F,58
116,F,2
119,F,3
120,F,252
128,F,4
130,F,86
131,F,2
132,F,1
133,F,2164936
135,F,2167683
136,F,122
138,F,1
142,F,1
144,F,1679
145,F,5
149,F,1
150,F,1
152,F,5
154,F,1
157,F,2007056
159,F,30
160,F,3
161,F,10
164,F,2
166,F,3
168,F,2231854
170,F,5
171,F,115
172,F,62
174,F,1
175,F,2230446
179,F,295
186,F,2230442
189,F,7765
192,F,2231136
194,F,2231026
200,F,5
201,F,2231634
209,F,1
210,F,8
212,F,4
216,F,3284
219,F,1
220,F,2231651
221,F,1
222,F,12
223,F,1
229,F,263
235,F,2
238,F,2233205
245,F,5
248,F,27
254,F,2598
255,F,2887
256,F,1
257,F,1
258,F,18
260,F,3
261,F,12
262,F,1
265,F,8
266,F,3
269,F,4
270,F,4
272,F,36
277,F,3
279,F,14
311,F,2
313,F,1
316,F,7
318,F,2119137
320,F,109
327,F,12
342,F,2238371
365,F,2
369,F,23
371,F,17
374,F,2229729
375,F,32
379,F,2
380,F,15
383,F,10
387,F,1
390,F,91
392,F,2232724
395,F,14
396,F,11
402,F,2
404,F,1
421,F,5
425,F,1
429,F,2239183
432,F,3
433,F,3
440,F,4
442,F,10
445,F,61
446,F,1
447,F,2
449,F,12
453,F,1698
459,F,384
461,F,3
464,F,2216657
480,F,3
483,F,614
486,F,2216352
501,F,2
503,F,140
505,F,8
508,F,8
525,F,1
530,F,2
541,F,2239659
543,F,2239417
565,F,2238197
566,F,1
572,F,3
576,F,3
582,F,62
585,F,648
620,F,16
629,F,22
631,F,1
635,F,34
636,F,8
637,F,26
640,F,4016
642,F,165
643,F,2240112
656,F,4
660,F,586
662,F,1
671,F,1
674,F,391
680,F,838
684,F,3
688,F,3
691,F,504
693,F,8
705,F,138
707,F,2
763,F,22
782,F,2237420
785,F,6
789,F,1
794,F,23
797,F,2237366
798,F,1
800,F,2237764
802,F,2237812
806,F,4
816,F,1
817,F,2237933
822,F,1621
823,F,2238903
857,F,1
858,F,202
860,F,44
874,F,1
875,F,29
884,F,480
915,F,12
916,F,8
917,F,2
927,F,2236392
930,F,1
938,F,1923
939,F,8353
940,F,2116
945,F,114
968,F,10
976,F,80
1047,F,12
1075,F,2239884
1089,F,2239471
1094,F,56
1095,F,2239869
1096,F,6
1166,F,17
1167,F,40
1176,F,64677
1214,F,11
1215,F,3
1219,F,3
1225,F,266
1235,F,1248
1236,F,324
1240,F,58
1241,F,97
1243,F,859
1244,F,132
1247,F,1299
1248,F,400
1249,F,75
1250,F,974
1252,F,3581
1254,F,222
1256,F,2239810
1261,F,179
1265,F,309
1268,F,11
1270,F,3
1272,F,86
36,F,354
79,F,2177602
106,F,2168172
118,F,511
126,F,50
127,F,568
291,F,2
296,F,1
306,F,2119005
329,F,2237861
341,F,5
347,F,2237982
350,F,1
358,F,5
359,F,2
362,F,373
366,F,1
367,F,2255
456,F,2216105
473,F,23
490,F,2208963
497,F,2215945
512,F,3
513,F,60
517,F,157
524,F,5
534,F,62
539,F,3
551,F,46
552,F,176
559,F,2239066
608,F,28
610,F,2
611,F,32
615,F,291
650,F,2
699,F,9
703,F,32
712,F,1
722,F,4
742,F,1
752,F,175
759,F,2237687
772,F,39
781,F,7
828,F,58
841,F,45
849,F,134
855,F,2239717
865,F,62
882,F,2
888,F,2229575
894,F,2
898,F,2236868
906,F,2237634
948,F,8
952,F,96
962,F,2
963,F,5
966,F,3
970,F,2237176
973,F,1
980,F,4
981,F,19
987,F,58
997,F,1
1024,F,53
1034,F,10
1040,F,536
1042,F,2238673
1049,F,5
1052,F,2238755
1061,F,41
1068,F,610
1109,F,2239703
1115,F,2
1128,F,50
1133,F,501
1137,F,6
1138,F,5
1152,F,10
1164,F,117
1186,F,4
1189,F,35
1197,F,49
1198,F,4
1200,F,265
1203,F,546
1220,F,2238476
43,F,2235914
80,F,28
123,F,1
301,F,2
303,F,203
339,F,1
344,F,2
363,F,1
411,F,1
443,F,24
476,F,1
562,F,2238723
592,F,2239652
647,F,2
648,F,1
652,F,3
653,F,1
694,F,10
753,F,3
754,F,361
832,F,4
833,F,2238747
839,F,1
842,F,1
846,F,4
861,F,3
864,F,19
959,F,2
1004,F,4
1020,F,1
1043,F,3
1103,F,2239878
1121,F,2239726
1124,F,2
1144,F,1
1156,F,2239903
1171,F,1
1193,F,4
104,F,27
207,F,1
325,F,24
338,F,2238325
353,F,3
360,F,2
515,F,2212349
718,F,2238978
760,F,1
837,F,3
886,F,12
984,F,3
996,F,3
1001,F,17
1062,F,2240078
1102,F,38
1143,F,1
1148,F,2239908
204,F,3
305,F,7
361,F,3
489,F,2
514,F,207
612,F,68
1067,F,33
1110,F,3
205,F,97
349,F,3
351,F,36
438,F,1
451,F,1
488,F,4
538,F,3
555,F,3
591,F,64
605,F,5
649,F,3
708,F,122
711,F,30
730,F,12
738,F,3
741,F,3
743,F,2
756,F,2
840,F,1
851,F,1
904,F,8
1007,F,2
1021,F,152
1032,F,1
1051,F,1
1082,F,1
1123,F,2
1126,F,1
1155,F,296
1170,F,78
1196,F,16
1206,F,11
1209,F,5
1,K,2
27,K,2
64,K,5
68,K,11
71,K,6
77,K,2177658
78,K,98
87,K,78
97,K,2182678
100,K,1
101,K,1
113,K,2166384
125,K,2
137,K,57
153,K,35
162,K,1
165,K,3
177,K,39
190,K,247
203,K,2
206,K,2231817
208,K,31
211,K,94
237,K,211
273,K,92
276,K,1
300,K,2119163
302,K,3
323,K,7
356,K,2235033
377,K,3
378,K,2229414
417,K,2158116
434,K,1
441,K,3
444,K,2224530
457,K,6
529,K,2238712
533,K,2
558,K,2236279
661,K,9
670,K,2
677,K,84
697,K,1
716,K,1
731,K,1
740,K,9
811,K,2237852
814,K,2237734
815,K,68
854,K,2238595
900,K,2
902,K,2
905,K,3
995,K,1
1045,K,2238089
1073,K,2235289
1107,K,23
1149,K,2239783
1157,K,2239803
1191,K,2204248
1205,K,2237950
1227,K,1
1229,K,1
1233,K,1
1237,K,15
1245,K,2237814
9,K,1
14,K,51
17,K,19
19,K,220
20,K,12
21,K,313
23,K,64
25,K,2
30,K,26
33,K,75
41,K,2235814
44,K,6
52,K,100
61,K,12
62,K,1
63,K,2
74,K,29
91,K,1
99,K,10
102,K,62
108,K,1
109,K,1
116,K,2
121,K,5
128,K,1
129,K,2165542
132,K,16
134,K,4
138,K,1
145,K,3
146,K,11
147,K,2229729
148,K,109
149,K,19
150,K,2234613
151,K,1
152,K,2
154,K,4029
156,K,19
158,K,55
160,K,1
163,K,4
164,K,112
166,K,1
169,K,37
173,K,2023
180,K,305
181,K,1
182,K,2230400
183,K,28
185,K,18
187,K,2230862
188,K,41
195,K,2231083
196,K,1
218,K,13
224,K,11
228,K,5
234,K,47
239,K,33
246,K,152
247,K,2
253,K,4
256,K,1
258,K,3
259,K,19
271,K,45
272,K,1
278,K,2112920
279,K,1
281,K,74
282,K,25
283,K,1
284,K,1
286,K,1
298,K,12
299,K,2
313,K,1
314,K,667
319,K,2
343,K,1
370,K,114
372,K,1
373,K,1
379,K,1
380,K,1
381,K,1
383,K,1
385,K,3
386,K,2230371
388,K,3
394,K,4
403,K,233
414,K,1574
424,K,2239312
439,K,29127
440,K,4714
448,K,12
458,K,2216453
460,K,41
462,K,2217101
465,K,1
466,K,13
467,K,1
478,K,233346
487,K,4
498,K,28
501,K,5
506,K,13
507,K,1
509,K,3
528,K,2221886
532,K,13
542,K,9
547,K,367
556,K,213
563,K,1
583,K,35
619,K,79
628,K,104
632,K,1
638,K,6
641,K,49
654,K,322
657,K,108
658,K,398
659,K,1
660,K,3
675,K,158
679,K,2642
683,K,4
689,K,4
690,K,26
777,K,1
780,K,146
783,K,9
784,K,5
786,K,2237211
787,K,325
790,K,2237508
791,K,167
792,K,1
794,K,1
795,K,2236263
801,K,3
804,K,81
816,K,1
819,K,1
830,K,2
836,K,121
856,K,24
868,K,5
872,K,1
912,K,4
918,K,4
920,K,1
921,K,2236634
933,K,2236512
935,K,1
941,K,2
946,K,1
969,K,17
1014,K,77
1017,K,2
1092,K,263
1098,K,2
1100,K,4
1134,K,2
1142,K,1
1178,K,5
1180,K,55
1181,K,2237490
1182,K,8
1185,K,3
1202,K,63
1242,K,10
1255,K,2239217
1258,K,12
1262,K,30
1263,K,1
1266,K,2238466
1269,K,2238432
81,K,5
122,K,114
294,K,1
310,K,2118686
324,K,57
328,K,2
333,K,7
334,K,18
346,K,2077
354,K,386
357,K,1886
408,K,241
450,K,1482
454,K,9
470,K,109
477,K,6
481,K,336
535,K,2239550
537,K,2239689
540,K,27
549,K,3
557,K,2239075
567,K,112
581,K,2
588,K,11
602,K,1
603,K,22
606,K,36
616,K,83
618,K,2
645,K,1
703,K,6
709,K,34
720,K,1
724,K,4
739,K,1
750,K,2
751,K,112
761,K,4
824,K,3
825,K,2238856
827,K,5
835,K,2238397
847,K,310
866,K,2
925,K,9
947,K,2236695
953,K,1
964,K,2238755
986,K,2237612
1019,K,3
1023,K,7
1038,K,2238478
1039,K,3
1076,K,2
1086,K,2239472
1108,K,2
1117,K,9
1120,K,4
1135,K,4
1136,K,10
1154,K,2239953
1158,K,3
1160,K,9
1187,K,10
1192,K,2
96,K,8
309,K,81
340,K,30
406,K,2
471,K,19
484,K,135200
554,K,15
647,K,3
702,K,638
710,K,4
717,K,8
725,K,2
748,K,4
861,K,1
926,K,3
1031,K,1
1035,K,1
1072,K,87
1111,K,1218
1144,K,8
1150,K,92
1171,K,3
1188,K,23
1195,K,8
1207,K,2
304,K,2119944
321,K,45
325,K,2
337,K,1
409,K,2
493,K,126
494,K,3
580,K,25
607,K,51
613,K,6
644,K,4
774,K,1
779,K,1102
853,K,16
862,K,1
895,K,2
949,K,1
954,K,95
957,K,2
965,K,1
1002,K,1
1005,K,2
1010,K,1
1011,K,1
1071,K,6
1106,K,1
1113,K,223
1201,K,439
1208,K,13
202,K,2231779
536,K,16
733,K,2238433
764,K,96
776,K,2234319
907,K,1
960,K,5
1074,K,39
1119,K,4
1125,K,22
1173,K,8
1211,K,2238666
756,K,1
474,K,3
901,K,2
1028,K,2238325
1105,K,3
2,Y,1
32,Y,26
69,Y,1186
71,Y,9
78,Y,2
87,Y,10
88,Y,153
125,Y,1
137,Y,19
140,Y,10
141,Y,9
165,Y,1
198,Y,214
203,Y,1
211,Y,26
242,Y,1
273,Y,1
275,Y,1
356,Y,2
400,Y,1
441,Y,3
444,Y,2
452,Y,2
495,Y,2217205
677,Y,15
848,Y,1
1245,Y,2
1253,Y,17
1257,Y,12
12,Y,78
15,Y,24
17,Y,4
26,Y,7
28,Y,2223985
30,Y,7
31,Y,3
37,Y,2229505
38,Y,2228647
40,Y,2
42,Y,1
45,Y,7
49,Y,5407
52,Y,1
53,Y,1
54,Y,11
55,Y,15
59,Y,113
60,Y,2
61,Y,2
65,Y,13
66,Y,198
70,Y,5
72,Y,1
74,Y,223
86,Y,3
91,Y,2172036
92,Y,7
94,Y,9
98,Y,13
99,Y,1
111,Y,2
116,Y,2
120,Y,3
121,Y,1
131,Y,3
134,Y,1
136,Y,2
138,Y,61022
142,Y,4
144,Y,1233193
145,Y,2222996
146,Y,988
148,Y,34
149,Y,31
152,Y,4
157,Y,12
160,Y,2231561
161,Y,16
163,Y,6
164,Y,24
167,Y,2
168,Y,5
170,Y,2230349
172,Y,29
178,Y,498
185,Y,14
186,Y,6
188,Y,22
192,Y,2
194,Y,1
196,Y,15
200,Y,2231507
214,Y,3
215,Y,2031
218,Y,1
220,Y,1
228,Y,194
234,Y,6
238,Y,2
245,Y,3202
246,Y,3
248,Y,2234166
253,Y,411
254,Y,72
255,Y,231
257,Y,1
258,Y,2
265,Y,2114080
266,Y,2115144
269,Y,2112740
279,Y,2119408
280,Y,1
282,Y,6
286,Y,3
313,Y,2122044
316,Y,3
318,Y,8
342,Y,1
343,Y,2
364,Y,1
365,Y,2230606
369,Y,2230416
370,Y,1
371,Y,5
374,Y,9
375,Y,3
379,Y,3
380,Y,2229750
383,Y,2
388,Y,1
389,Y,2
392,Y,1
394,Y,54
396,Y,2232808
398,Y,1
399,Y,1
405,Y,66
420,Y,10
421,Y,2239262
423,Y,2239277
427,Y,147
428,Y,10
439,Y,1
440,Y,44
442,Y,8
445,Y,1
448,Y,5
449,Y,2212317
453,Y,2215252
459,Y,71
460,Y,6
467,Y,2
486,Y,2
496,Y,2
498,Y,1
501,Y,1053349
502,Y,1
504,Y,1
505,Y,2214663
508,Y,2215279
530,Y,1
532,Y,17
541,Y,1
544,Y,2
556,Y,28
565,Y,4
574,Y,1031
586,Y,2
625,Y,170
627,Y,85
629,Y,3
636,Y,2240130
637,Y,2
640,Y,94
641,Y,17
643,Y,4
655,Y,58923
657,Y,14
658,Y,29
660,Y,2238021
662,Y,1
674,Y,2238248
675,Y,1
679,Y,68
680,Y,26
681,Y,111
691,Y,20
707,Y,2239034
782,Y,7
789,Y,2237142
796,Y,2045
797,Y,1
801,Y,2
808,Y,17
817,Y,1
820,Y,7
821,Y,1
823,Y,2
830,Y,106
856,Y,1
867,Y,36
873,Y,2236520
881,Y,1
884,Y,2
914,Y,7
917,Y,2236914
928,Y,2
936,Y,4387
939,Y,53
940,Y,19
950,Y,204
968,Y,1
1047,Y,2238594
1075,Y,13
1088,Y,206
1089,Y,2
1095,Y,1
1134,Y,12
1146,Y,343
1165,Y,175
1178,Y,2
1215,Y,2238257
1235,Y,1
1236,Y,7
1240,Y,10
1241,Y,14
1243,Y,28
1247,Y,77
1248,Y,63
1249,Y,20
1250,Y,61
1252,Y,51
1254,Y,4
1256,Y,1
1259,Y,749
1260,Y,669
1261,Y,10
1262,Y,3
1263,Y,8
1268,Y,1
1270,Y,1
1271,Y,31
1272,Y,2238279
79,Y,1
81,Y,84
122,Y,1
287,Y,4
291,Y,2
294,Y,2
306,Y,2
307,Y,1
329,Y,3
334,Y,21
354,Y,2
366,Y,6
367,Y,1
450,Y,4
456,Y,3
473,Y,2217178
481,Y,9
490,Y,92
519,Y,44
535,Y,3
540,Y,22
603,Y,7
604,Y,6
606,Y,6
650,Y,1
703,Y,10
709,Y,10
751,Y,94
824,Y,9
855,Y,1
888,Y,1
898,Y,1
925,Y,15
1023,Y,21
1048,Y,5
1052,Y,125
1108,Y,24
1109,Y,4
1135,Y,37
1138,Y,2239616
1158,Y,4
1187,Y,286
1192,Y,29
1194,Y,12
43,Y,16
80,Y,5362
96,Y,12
290,Y,6
363,Y,1
443,Y,4
476,Y,1
562,Y,1
568,Y,1
570,Y,92
710,Y,7
717,Y,6
737,Y,28
745,Y,1
833,Y,3
839,Y,1074
843,Y,4
979,Y,37
994,Y,2
1084,Y,1233
1103,Y,1
1118,Y,1816
1121,Y,1
1127,Y,52
1139,Y,228
1150,Y,1
1153,Y,1253
1156,Y,1
1163,Y,4553
1168,Y,38
1199,Y,243
207,Y,107
325,Y,7
338,Y,1
360,Y,8
493,Y,1
515,Y,2
837,Y,2238337
886,Y,8
1058,Y,326
1062,Y,5
1071,Y,1
1101,Y,1656
1159,Y,339
1208,Y,7
204,Y,2232118
305,Y,2
361,Y,1
489,Y,2216756
514,Y,5
536,Y,2
571,Y,14
578,Y,4
612,Y,2239745
695,Y,2238870
764,Y,2
775,Y,3
907,Y,2
960,Y,1
978,Y,2
1067,Y,2240095
1074,Y,46
1083,Y,441
1110,Y,2239780
1125,Y,6
1173,Y,1
1184,Y,133
205,Y,9
349,Y,1
351,Y,2237784
438,Y,2
451,Y,2214700
488,Y,2
538,Y,1
555,Y,1
591,Y,1
605,Y,1
708,Y,3
738,Y,1
741,Y,2238578
756,Y,2238103
840,Y,4
851,Y,1
904,Y,2237647
1007,Y,2237920
1021,Y,26
1123,Y,1
1155,Y,2239599
1170,Y,8
1196,Y,1
1206,Y,2238687
1209,Y,2238731
590,Y,1
749,Y,1
1064,Y,2
2,S,191
27,S,4476
32,S,30
64,S,8
68,S,1
69,S,549
71,S,2179529
77,S,2
78,S,349
87,S,18
89,S,2
95,S,70
105,S,1
125,S,85
137,S,71
140,S,7
141,S,6
143,S,2
153,S,6
155,S,2229789
162,S,2230677
165,S,3
176,S,5
190,S,51553
199,S,13
206,S,2
208,S,93
211,S,53
226,S,8
233,S,1
237,S,71
241,S,2
244,S,211
249,S,644
250,S,228
273,S,310
275,S,10
276,S,1
285,S,3
302,S,4
312,S,2
323,S,5
335,S,8
352,S,443
377,S,2
400,S,1
417,S,1
430,S,3
441,S,2
455,S,10
457,S,7
468,S,1
472,S,1
495,S,2
569,S,13
622,S,2
677,S,1
811,S,1
815,S,7
818,S,1
834,S,44
844,S,9
854,S,1
883,S,20
905,S,4
922,S,6
961,S,4
993,S,1
995,S,1
1050,S,1
1073,S,1
1107,S,111
1114,S,27
1132,S,3
1141,S,8
1183,S,1
1216,S,37
1224,S,64
1232,S,10
1253,S,4
1264,S,1
3,S,1
4,S,21
5,S,1
7,S,10
8,S,5
9,S,626
10,S,1
12,S,2213224
13,S,2175427
15,S,11
17,S,2079
18,S,1
19,S,14
20,S,64
21,S,68
22,S,13
24,S,249
25,S,902
26,S,61049
28,S,1
29,S,50
30,S,130
31,S,2223510
33,S,16
34,S,3
35,S,5
39,S,15
41,S,1
45,S,2235664
46,S,2234418
48,S,6
50,S,2234302
51,S,8
54,S,11
55,S,1
56,S,2
57,S,17
58,S,4
59,S,74
60,S,2189229
61,S,7
63,S,12
65,S,9
67,S,1731
70,S,6
73,S,4
74,S,22
75,S,168
76,S,50
82,S,38
84,S,1
85,S,90
86,S,3
91,S,1
92,S,1
93,S,245
94,S,2178188
98,S,2148257
99,S,24
102,S,615
108,S,13
109,S,16
116,S,2166499
119,S,1
121,S,59
124,S,19
130,S,1
131,S,2
133,S,5
134,S,1
135,S,1
136,S,2
139,S,53
142,S,1198
144,S,247
145,S,969
148,S,248
149,S,30
151,S,2230918
152,S,59
154,S,2
156,S,1
157,S,11847
158,S,663
159,S,1
160,S,1
161,S,2231523
163,S,114
164,S,62
166,S,4
167,S,87
168,S,13
172,S,2230465
173,S,2
174,S,579
175,S,67
178,S,1
179,S,27
181,S,1
183,S,9
184,S,700
185,S,395
186,S,247
188,S,325
194,S,1
196,S,2
197,S,11
200,S,2
201,S,1
209,S,48
210,S,4
212,S,37
214,S,31
217,S,513
218,S,2
219,S,363
220,S,10
221,S,2228720
222,S,583
223,S,1
225,S,3
229,S,3
230,S,16
232,S,7
234,S,3
235,S,3
236,S,17
238,S,2
239,S,3
240,S,47
243,S,1543
246,S,55
247,S,2234567
248,S,62
251,S,791
252,S,201
253,S,12
254,S,2232622
255,S,2182315
256,S,2180460
257,S,782
258,S,43
259,S,39
260,S,134
261,S,232
262,S,13654
263,S,400
264,S,118
265,S,1
266,S,3
268,S,10
270,S,1
271,S,1
272,S,179
274,S,15
277,S,1
278,S,7
279,S,3
280,S,39
281,S,1
282,S,24
283,S,1
286,S,1
315,S,2
316,S,2122381
317,S,35
318,S,25
319,S,2
343,S,1
348,S,685
355,S,4
364,S,1
365,S,2
369,S,1
370,S,129
371,S,2229390
372,S,21
373,S,2229176
374,S,10
375,S,2229497
376,S,38
379,S,1
383,S,2229760
384,S,740
385,S,1
388,S,4
391,S,2
392,S,4
393,S,8
394,S,53
396,S,1
397,S,13
399,S,2233061
402,S,2
403,S,8
404,S,5
419,S,147
423,S,1
425,S,1
426,S,27
431,S,1
435,S,80
439,S,3
440,S,843
445,S,1
446,S,138
447,S,33
448,S,70
449,S,747
453,S,4
458,S,1
459,S,2216693
460,S,47
461,S,1
463,S,139
464,S,2
466,S,1
478,S,2
479,S,720
480,S,2
482,S,27
483,S,3
486,S,16
487,S,1
496,S,403
499,S,70
500,S,19
501,S,42
502,S,5
504,S,37
505,S,1
507,S,34
508,S,1
509,S,2
522,S,3403
527,S,5
530,S,2239156
531,S,4
532,S,37
541,S,1
544,S,8
545,S,1
546,S,1
547,S,7
556,S,34
565,S,8
566,S,41
572,S,53
575,S,1029
577,S,3
621,S,289
623,S,841
625,S,3
626,S,1752
630,S,10
631,S,978
632,S,269
634,S,3
637,S,2240115
638,S,54
639,S,785
640,S,2235787
641,S,404
657,S,23
658,S,36
659,S,2238427
662,S,1
665,S,9
667,S,5
668,S,112
669,S,40
672,S,35
673,S,2236824
675,S,1
676,S,25
678,S,13
679,S,109
680,S,2237938
681,S,84
684,S,165
685,S,1
686,S,2238488
687,S,3
688,S,552
689,S,2237272
691,S,2237869
700,S,1
763,S,6
777,S,15
780,S,15
783,S,203
789,S,1
791,S,1
792,S,40
793,S,360
795,S,1
797,S,4
798,S,83
799,S,13
800,S,2
801,S,2
802,S,2
803,S,2237768
804,S,3
806,S,21
807,S,82
809,S,3019
810,S,2237679
812,S,3344
813,S,2236001
816,S,2237779
817,S,4
823,S,1
838,S,32
845,S,7081
856,S,297
857,S,5
859,S,3
870,S,10
871,S,722
874,S,7
875,S,2236545
876,S,36
878,S,7
879,S,2570
884,S,2235660
885,S,12
914,S,8
917,S,1
924,S,141
927,S,2
929,S,2234892
930,S,2
932,S,412
936,S,3
937,S,2236346
939,S,2227822
940,S,2233998
941,S,31
942,S,609
943,S,2234128
944,S,8
946,S,3
950,S,1
967,S,2237064
968,S,2237146
969,S,8
974,S,2237386
975,S,2237386
1014,S,4
1016,S,59
1022,S,132
1027,S,36
1046,S,6
1047,S,1
1075,S,5
1089,S,3
1090,S,14
1091,S,18
1093,S,7
1094,S,1
1095,S,1
1097,S,2239902
1098,S,28
1099,S,101
1100,S,6
1134,S,7
1145,S,2
1147,S,2239371
1167,S,27
1172,S,2
1178,S,8
1180,S,1
1185,S,25
1213,S,8
1214,S,1
1219,S,93
1225,S,8
1226,S,18
1235,S,11
1236,S,177
1238,S,15
1239,S,2237483
1240,S,13
1241,S,10
1242,S,2237163
1243,S,35
1244,S,7
1246,S,131
1247,S,71
1248,S,19
1249,S,2239625
1250,S,19
1251,S,8
1252,S,2235361
1254,S,16
1256,S,2
1261,S,2239166
1262,S,6
1263,S,133
1265,S,6
1268,S,2
1269,S,2
1270,S,11
1271,S,4
1273,S,7
36,S,1
79,S,19
81,S,19
106,S,1
114,S,11
122,S,7
126,S,2
288,S,33
291,S,1
306,S,7
307,S,91
310,S,2
326,S,1
328,S,2
329,S,3
333,S,1
334,S,7
341,S,1
345,S,31
346,S,1785
347,S,1
354,S,92
359,S,2233392
366,S,2230450
407,S,1
408,S,11
415,S,18
437,S,5
450,S,10
454,S,1
470,S,6
477,S,2151377
481,S,43
490,S,6928
492,S,2
518,S,1
523,S,1
540,S,706
549,S,80
553,S,11
567,S,19
581,S,17
588,S,198
596,S,2239673
603,S,63
604,S,2
606,S,38
616,S,492
618,S,45
650,S,2
696,S,3
701,S,737
703,S,155
704,S,2235880
709,S,20
712,S,1
719,S,23
721,S,2238794
724,S,30
732,S,988
734,S,3
739,S,3
747,S,13
750,S,2238807
751,S,22
758,S,2237719
759,S,4
761,S,6
768,S,1
771,S,1407
778,S,2
781,S,1
824,S,16
827,S,24
847,S,4
855,S,111
866,S,4
888,S,2
894,S,8
906,S,1
908,S,2
925,S,13
953,S,2
955,S,2
970,S,3
973,S,1
977,S,2
998,S,3
1003,S,2237848
1006,S,1
1009,S,15
1023,S,91
1038,S,1
1039,S,3
1042,S,1
1056,S,6
1066,S,2
1076,S,46
1077,S,3
1108,S,29
1116,S,46
1117,S,2
1120,S,39
1135,S,6
1136,S,3
1158,S,16
1187,S,154
1192,S,51
1194,S,17
1220,S,1
1231,S,17
43,S,1
80,S,14
103,S,5
123,S,28
292,S,442
301,S,4
309,S,3
339,S,151
344,S,397
363,S,7
411,S,248
413,S,3
443,S,2225378
475,S,172
476,S,354
485,S,28
520,S,4902
548,S,11
554,S,2
562,S,1
570,S,318
592,S,17
593,S,2
594,S,55
609,S,5
614,S,66
647,S,913
648,S,1
652,S,2
653,S,45
694,S,48
706,S,163
710,S,36
713,S,42
717,S,103
744,S,46
753,S,1
754,S,12
757,S,2
766,S,1
829,S,57
831,S,141
832,S,43
833,S,5
842,S,378
846,S,520
852,S,409
861,S,3
864,S,2
880,S,2
889,S,6
890,S,33
891,S,4
892,S,724
893,S,119
899,S,3068
903,S,56
956,S,12
958,S,125
959,S,1
971,S,1
972,S,1
982,S,1260473
999,S,3
1004,S,2
1015,S,21
1020,S,3122
1025,S,1
1026,S,617
1043,S,2
1059,S,1
1070,S,778
1078,S,4713
1080,S,30
1084,S,1
1085,S,1
1087,S,1011
1103,S,39
1124,S,97
1171,S,194
1174,S,80
1190,S,112
1195,S,3
1222,S,49
1223,S,248
112,S,2164355
295,S,3
297,S,2126125
321,S,2
322,S,136
325,S,2190954
330,S,1008
337,S,66
338,S,3
353,S,1
360,S,7
412,S,1
469,S,2216801
491,S,21
494,S,2206910
515,S,2
521,S,167
561,S,206
579,S,36
589,S,67
600,S,5
646,S,4
698,S,2238435
715,S,32
718,S,1
728,S,21
735,S,2237354
746,S,2238886
760,S,1
765,S,19
862,S,75
863,S,36
886,S,1
996,S,2
1012,S,20
1030,S,2238202
1037,S,2238260
1053,S,4
1055,S,2239906
1057,S,6
1062,S,2
1069,S,365
1071,S,7
1079,S,413
1102,S,7
1112,S,75
1113,S,3
1140,S,4
1143,S,48
1148,S,3
1161,S,2240010
1162,S,3936
1175,S,2237984
202,S,2
204,S,1
305,S,2119552
331,S,7
361,S,1
489,S,1
514,S,2212292
536,S,20
764,S,5
907,S,20
960,S,2
978,S,65
1074,S,378
1083,S,1
1119,S,8
1125,S,32
1173,S,58
205,S,2231788
349,S,2237998
351,S,1
438,S,2239440
488,S,2
538,S,2
555,S,2239190
591,S,2239364
605,S,2239798
708,S,2239017
711,S,2238936
730,S,2238375
741,S,1
840,S,2
1021,S,2237789
1032,S,1
1051,S,2239362
1123,S,2239933
1155,S,1
1170,S,2238346
1196,S,2238568
336,S,2
617,S,1
897,S,1
983,S,1
989,S,10
2,C,1
32,C,1
64,C,330
71,C,2
89,C,1
143,C,1
162,C,1
193,C,3
199,C,15
231,C,12
242,C,1
249,C,1
275,C,2
1253,C,2239309
1264,C,6
3,C,2
4,C,5
6,C,2
12,C,186
13,C,10
15,C,2222883
18,C,3
28,C,7
31,C,1
34,C,18
35,C,19
37,C,3
38,C,1
49,C,1
55,C,1
58,C,2
65,C,2
75,C,57
92,C,2
94,C,2
98,C,1
107,C,22
109,C,1
116,C,1
121,C,1
131,C,2164236
133,C,7
135,C,1
136,C,2168006
142,C,72
144,C,9
145,C,5
146,C,1
151,C,3
152,C,46181
157,C,88
166,C,2230610
170,C,1
172,C,1
175,C,9
182,C,3
184,C,1
186,C,1
200,C,64
201,C,1
214,C,56
215,C,2
216,C,1
219,C,12
220,C,1
232,C,113
238,C,1
247,C,2
248,C,14
252,C,1
254,C,1
255,C,3
256,C,1
257,C,14
258,C,130
259,C,1
261,C,192
263,C,1
264,C,1
265,C,132
266,C,36
268,C,3
269,C,2
280,C,1
316,C,1
318,C,1
342,C,2
365,C,2
369,C,7
374,C,1
379,C,2229587
380,C,1
391,C,2232918
404,C,54
423,C,1
426,C,1
427,C,1
431,C,2
432,C,2239053
436,C,7
445,C,1
447,C,1
453,C,1
464,C,1
480,C,2217815
496,C,5
504,C,1
508,C,52
525,C,2223376
545,C,2
550,C,5
577,C,18
632,C,1
633,C,2
634,C,1
636,C,1
637,C,1
639,C,12
640,C,4
662,C,2238769
667,C,2
668,C,1
671,C,2238540
674,C,3
681,C,2
685,C,2
691,C,2
700,C,3
789,C,2
797,C,34
798,C,6
799,C,6
813,C,2
830,C,1
838,C,4
857,C,6
873,C,1
875,C,1
884,C,22
885,C,9
927,C,1
929,C,1
932,C,78
939,C,1
940,C,2
943,C,1
1046,C,2
1047,C,16
1075,C,4
1091,C,73
1093,C,1
1095,C,1
1099,C,3
1167,C,1
1177,C,1
1185,C,149
1212,C,2
1214,C,4
1219,C,3748
1235,C,2236819
1236,C,2237600
1239,C,8
1240,C,2237729
1241,C,2237707
1242,C,3
1243,C,2237123
1246,C,94
1247,C,2236589
1248,C,2238893
1250,C,2238713
1252,C,83
1254,C,2239417
1270,C,1
1272,C,5
79,C,1
291,C,2123119
306,C,1
308,C,1
347,C,2
357,C,1
359,C,3
456,C,1
490,C,1
596,C,13
855,C,1
906,C,1
908,C,4
1000,C,1
1003,C,1
1066,C,1
1138,C,6
1220,C,1
80,C,11
103,C,5
290,C,1
301,C,2116749
339,C,10
413,C,2
443,C,3
476,C,5
485,C,3
548,C,1
593,C,8
594,C,3
614,C,3
648,C,3
652,C,1
769,C,1
832,C,5
833,C,1
842,C,8
880,C,4
889,C,2
891,C,1
971,C,1
999,C,4
1043,C,2238650
1103,C,3
1124,C,108
1156,C,1
1171,C,4
1223,C,37
104,C,5
353,C,6
760,C,2237039
765,C,282
837,C,2
886,C,4
1102,C,15
1217,C,4
204,C,1
361,C,2230993
489,C,3
514,C,1
1067,C,2
1110,C,1
1173,C,2
205,C,1
349,C,1
351,C,3
438,C,1
451,C,1
488,C,2216735
538,C,2239769
605,C,1
649,C,2239060
708,C,3
730,C,2
738,C,2238662
743,C,2238310
840,C,2237042
851,C,2239981
904,C,1
1007,C,1
1032,C,2238209
1082,C,2239920
1126,C,2239916
1206,C,1
1209,C,1
590,C,2239644
749,C,2238971
336,C,2238439
617,C,2239871
983,C,2
27,G,50
64,G,13
69,G,1
77,G,1
78,G,70
87,G,2
88,G,36
89,G,2172281
137,G,1
140,G,1
143,G,8
153,G,1
155,G,153
162,G,47
190,G,46
198,G,617
199,G,2231320
206,G,3
213,G,44
227,G,8
237,G,1
267,G,1
273,G,3
352,G,2
356,G,3
382,G,4
457,G,1
622,G,2
661,G,9
815,G,1
826,G,2
848,G,10
905,G,2
995,G,4
1008,G,1
1045,G,1
1107,G,13
1122,G,1
1230,G,1
1253,G,12
1264,G,1
3,G,1177
5,G,1
6,G,5
11,G,3
13,G,83
15,G,2
16,G,5
19,G,37
20,G,6
21,G,73
22,G,1
23,G,5
34,G,1
35,G,2226816
38,G,1
40,G,1
42,G,1
47,G,1
49,G,1
53,G,13
62,G,6
66,G,4
67,G,6
70,G,22
72,G,2179571
74,G,1
75,G,2174142
91,G,1
93,G,1
99,G,1
102,G,339
107,G,2167695
111,G,11
120,G,1
130,G,4
132,G,3
136,G,49
138,G,154
142,G,2022371
144,G,1
145,G,3
146,G,3
147,G,3
148,G,3
149,G,1
150,G,3
151,G,183
152,G,109
154,G,108
156,G,201525
158,G,370
159,G,3
160,G,2
163,G,1
166,G,2
169,G,3
171,G,2
178,G,618
179,G,3
180,G,197
181,G,2225850
184,G,2230101
214,G,2
215,G,25268
216,G,1
219,G,2231224
222,G,2
224,G,4
228,G,10
232,G,2231992
240,G,1
243,G,18
246,G,38
247,G,82
252,G,2232310
253,G,37439
256,G,1
257,G,2181486
258,G,4
260,G,10
261,G,2117612
262,G,24
263,G,8
264,G,2
268,G,2114014
281,G,16
283,G,2115817
298,G,1
311,G,2121832
319,G,2
320,G,2
327,G,1
348,G,2
364,G,5
372,G,1
381,G,2229716
389,G,13
398,G,1
403,G,5
404,G,2232548
405,G,25
416,G,2236230
419,G,1
420,G,3
427,G,50
428,G,35
431,G,2239186
433,G,1
445,G,4
446,G,2213905
447,G,2215498
448,G,4
449,G,3
465,G,11
467,G,1
482,G,2216465
483,G,3
496,G,2215411
502,G,2215176
503,G,1
504,G,2214468
510,G,1
522,G,3
526,G,2223127
545,G,2239513
550,G,2239245
565,G,1
566,G,2239101
574,G,1
575,G,7
576,G,1
583,G,3
586,G,3
619,G,11
620,G,1
627,G,612
632,G,3
633,G,1
635,G,25
639,G,2239229
642,G,154
654,G,7
656,G,1
667,G,2238482
669,G,2238389
671,G,1
672,G,1
673,G,66
679,G,1
682,G,1
685,G,3
686,G,5
688,G,3
689,G,11
700,G,2239146
780,G,32
785,G,3
796,G,107
798,G,2237300
799,G,2237446
808,G,105
810,G,3
813,G,28
820,G,4
830,G,111
838,G,2238041
845,G,3
857,G,2239671
860,G,3
867,G,117
868,G,27
879,G,20
885,G,2236458
910,G,2237411
918,G,8
929,G,3
932,G,2235825
936,G,63
943,G,33
946,G,2236001
950,G,35
967,G,12
975,G,4
976,G,1
1014,G,4
1017,G,4
1046,G,2238590
1091,G,6
1092,G,69
1093,G,2239865
1099,G,2239612
1100,G,3
1146,G,21
1165,G,88
1167,G,2234635
1176,G,3
1177,G,1
1182,G,4
1202,G,55
1214,G,2
1219,G,2228910
1228,G,4
1235,G,3
1236,G,2
1239,G,51
1240,G,3
1242,G,35
1243,G,6
1246,G,2237778
1247,G,8
1248,G,20
1250,G,3
1251,G,2238399
1258,G,4
1260,G,12
1262,G,48
1265,G,2
1267,G,2238095
1268,G,15
1269,G,1
79,G,1
126,G,5
127,G,2
287,G,391
288,G,1
289,G,1
294,G,5
324,G,2
328,G,2
346,G,54
350,G,1
354,G,1
357,G,5
359,G,25
362,G,4
367,G,3
408,G,73
450,G,4
454,G,1
477,G,288
512,G,1
517,G,1
534,G,2
539,G,1
567,G,1
596,G,1
608,G,1
701,G,16
721,G,24
750,G,21
758,G,82
771,G,6
772,G,58
781,G,7
847,G,3
908,G,2237623
1000,G,2
1003,G,1
1023,G,1
1033,G,3
1039,G,5
1040,G,2
1056,G,4
1060,G,1
1068,G,1
1077,G,2
1137,G,1
1189,G,1
80,G,10548
96,G,420
103,G,2181795
123,G,3
290,G,2
292,G,33
309,G,25
339,G,2238145
340,G,16
363,G,1
413,G,2234402
471,G,92
475,G,1
476,G,2215979
484,G,74
485,G,2216715
516,G,7
520,G,5
548,G,2239343
554,G,103
568,G,58
570,G,19
593,G,2239669
594,G,2239500
614,G,2207658
648,G,2238756
652,G,2238868
694,G,1
702,G,5
706,G,1
737,G,7
744,G,2238325
745,G,121
757,G,2238166
769,G,2220023
773,G,10
829,G,2
831,G,1
832,G,2238390
839,G,57
842,G,2238379
843,G,66
846,G,66
852,G,17
880,G,2236512
889,G,2236800
890,G,1
891,G,2236487
892,G,2
899,G,1
903,G,2
971,G,2237162
994,G,3
999,G,2237507
1015,G,1
1020,G,17
1025,G,523
1026,G,2
1031,G,1
1035,G,2238704
1059,G,2239880
1070,G,3
1072,G,9
1084,G,259
1085,G,2239015
1087,G,125
1111,G,12
1118,G,15
1124,G,2236051
1127,G,497
1131,G,2239617
1139,G,4
1150,G,3
1151,G,1
1153,G,72
1163,G,91
1168,G,749
1171,G,2237917
1174,G,1
1188,G,6
1195,G,43
1199,G,39
1204,G,2238652
1207,G,3
1223,G,2237897
104,G,1
515,G,1
646,G,3
765,G,2
886,G,9
1102,G,1
305,G,1
361,G,4
571,G,12
578,G,1
775,G,2
1041,G,36
1184,G,50
488,G,1
649,G,23
743,G,1
840,G,4
851,G,1
1032,G,1
474,G,3
1028,G,2
590,G,1
617,G,9
601,G,2239712
988,G,2
990,G,1
1044,G,2238605
69,D,27
87,D,19
88,D,2171694
89,D,2
137,D,12
143,D,4
153,D,1
165,D,11
198,D,2230730
199,D,3
211,D,137
213,D,3
352,D,8
410,D,1
417,D,1
444,D,1
661,D,452
811,D,1
818,D,1
834,D,1
848,D,2239885
1191,D,1
1257,D,2239678
1264,D,3
3,D,2
11,D,1
16,D,3
17,D,76
28,D,21
30,D,6
35,D,1
40,D,2226898
41,D,5
47,D,4
53,D,2193401
61,D,26
66,D,43
67,D,111
72,D,2
74,D,48
75,D,102
83,D,3
85,D,6
91,D,1
93,D,1
99,D,57
111,D,2165753
120,D,2
121,D,58
132,D,56
138,D,2098505
139,D,1
142,D,126319
144,D,607
145,D,276
146,D,7
148,D,83
149,D,18
150,D,2
154,D,19
156,D,282
158,D,1
159,D,1
164,D,9
166,D,1
169,D,15
170,D,2
171,D,2
178,D,2224124
180,D,44
184,D,43
185,D,143
187,D,6
188,D,19
191,D,2
196,D,2
197,D,13
200,D,1
215,D,2201214
216,D,3
218,D,1
219,D,89
222,D,1
228,D,2231836
232,D,4
234,D,2
243,D,4
245,D,17
248,D,12
252,D,126
253,D,2194281
256,D,1
257,D,605
259,D,1
260,D,38
261,D,145
262,D,33
264,D,13
265,D,2
268,D,3
280,D,61
281,D,5
282,D,26
313,D,1
317,D,1
364,D,2230998
365,D,8
369,D,1
370,D,23
388,D,40
389,D,2232562
394,D,18
396,D,1
398,D,2232926
404,D,2
405,D,2232564
420,D,2237358
427,D,2237160
428,D,2239066
431,D,1
435,D,1
439,D,1
440,D,18
442,D,2225022
445,D,6
446,D,15
447,D,12
448,D,10
449,D,25
453,D,1
460,D,2
465,D,33
467,D,2216776
479,D,3
482,D,5
487,D,8
496,D,5
501,D,2
502,D,1
504,D,34
505,D,1
532,D,14
542,D,15
544,D,1
556,D,25
574,D,2238140
583,D,7685
586,D,2239577
619,D,90
623,D,2
625,D,1
627,D,2238882
628,D,3
639,D,12
641,D,3
654,D,41
655,D,2
657,D,56
658,D,184
663,D,2238823
669,D,1
672,D,2
679,D,51
688,D,11
705,D,2
777,D,1
780,D,209
785,D,2
789,D,1
796,D,2230369
798,D,49
799,D,11
801,D,4
808,D,2237502
819,D,6
820,D,2238137
823,D,1
830,D,2238580
838,D,54
845,D,75
856,D,6
857,D,1
860,D,2
867,D,2236277
868,D,27
871,D,1
885,D,11
914,D,6
918,D,18
924,D,1
928,D,2
932,D,57
936,D,2227617
950,D,2013229
969,D,1
976,D,1
1017,D,4
1046,D,3
1088,D,1
1092,D,30
1093,D,1
1095,D,1
1098,D,8
1099,D,194
1134,D,4
1146,D,2238880
1165,D,2238545
1167,D,32
1176,D,1
1178,D,111
1182,D,223
1202,D,34
1219,D,4
1246,D,27
1258,D,1720
1259,D,2237720
1260,D,2236919
1262,D,91
1268,D,2
1271,D,1
1272,D,1
1273,D,1
81,D,12
122,D,4
287,D,2114672
288,D,2
294,D,2121887
324,D,18
332,D,1
334,D,2
354,D,262
362,D,1
407,D,1
437,D,1
450,D,23
477,D,2
481,D,19
519,D,3
540,D,13
603,D,29
606,D,46
616,D,4
703,D,89
709,D,6
722,D,1
751,D,160
771,D,19
772,D,7
781,D,6
824,D,23
925,D,7
952,D,1
962,D,1
963,D,1
987,D,1
1023,D,4
1068,D,1
1135,D,16
1138,D,1
1158,D,9
1187,D,130
1192,D,22
80,D,2135459
96,D,1253
123,D,7
290,D,2130174
309,D,9
339,D,180
340,D,54
344,D,4
363,D,5
406,D,21
411,D,7
471,D,54
476,D,15
484,D,47
485,D,37
516,D,3
520,D,1
548,D,2
554,D,507
568,D,2239081
570,D,975465
594,D,13
614,D,30999
648,D,1
702,D,83
706,D,1
710,D,426
717,D,2
725,D,6
737,D,2238618
744,D,6
745,D,2238472
748,D,6
757,D,2
766,D,1
773,D,6
831,D,6
832,D,15
839,D,2236627
842,D,63
843,D,2236750
846,D,3
880,D,1
891,D,31
893,D,1
899,D,4
903,D,1
971,D,2
979,D,2237330
994,D,2234271
1020,D,3
1031,D,5
1072,D,72
1078,D,1
1084,D,2237720
1085,D,3
1111,D,6
1118,D,1259557
1124,D,34
1127,D,2239262
1139,D,2238716
1144,D,22
1150,D,491
1151,D,106
1153,D,2238457
1163,D,2234811
1168,D,2238097
1171,D,58
1188,D,234
1195,D,82
1199,D,2238011
1207,D,658
325,D,1
1101,D,1681
204,D,1
331,D,2
536,D,11
571,D,2239149
578,D,2239713
695,D,1
764,D,1
775,D,2234336
960,D,6
978,D,5
985,D,2237737
1041,D,2238376
1074,D,104
1083,D,57
1119,D,3
1125,D,79
1173,D,11
1184,D,2237856
351,D,3
451,D,2
756,D,1
840,D,1
1155,D,1
989,D,1
990,D,11
27,A,2217770
68,A,1
69,A,4
71,A,33
88,A,17
95,A,113
143,A,36
193,A,3
198,A,21
199,A,2
208,A,134
213,A,84
227,A,86
231,A,6
250,A,38
267,A,3
302,A,3
323,A,61
352,A,2237738
382,A,9
417,A,1
430,A,11
622,A,190
661,A,9
716,A,2
729,A,3
814,A,2
826,A,14
883,A,16
951,A,3
961,A,41
991,A,1
1008,A,11
1050,A,1
1065,A,69
1122,A,7
1230,A,62
1253,A,1
1264,A,25
3,A,7
5,A,2
6,A,1502
11,A,63
12,A,12
13,A,5
16,A,50
19,A,87
20,A,32
22,A,68
23,A,6
25,A,1
26,A,5
29,A,150
30,A,1
33,A,21
35,A,2
45,A,13
46,A,47
47,A,23
50,A,11
51,A,29
53,A,3
60,A,2
62,A,5
63,A,23
67,A,2172771
70,A,81
72,A,3
73,A,141
75,A,105
76,A,94
83,A,45
90,A,4
93,A,2180941
94,A,68
98,A,5
107,A,1
109,A,14
111,A,1
117,A,5
120,A,27
124,A,7
130,A,23
132,A,60
138,A,38
139,A,2
142,A,42
154,A,346
156,A,92
158,A,6
159,A,35
161,A,65
163,A,2230372
164,A,9
169,A,1
171,A,59
172,A,552
180,A,20
181,A,522
184,A,3
209,A,4
212,A,1
214,A,1
215,A,1012
216,A,2
219,A,1
221,A,101
222,A,2036797
224,A,1
225,A,1
228,A,5
230,A,2
232,A,51
240,A,16
243,A,2203794
253,A,228
254,A,2
255,A,7
256,A,45
257,A,1
259,A,122
260,A,2118704
261,A,30
262,A,2098547
263,A,2112780
264,A,2112989
271,A,6
274,A,4
281,A,9
283,A,2
284,A,47
286,A,13
299,A,51
315,A,3
316,A,6
320,A,14
327,A,5
348,A,2237080
364,A,1
365,A,2
371,A,30
372,A,2229383
373,A,71
374,A,1
375,A,7
381,A,2
383,A,5
384,A,5
385,A,6
393,A,6
395,A,6
397,A,2232724
399,A,1
401,A,2
404,A,3
405,A,3
419,A,2235994
420,A,7
426,A,1
427,A,11
428,A,2
431,A,1
433,A,1
435,A,2239053
440,A,3
445,A,146
446,A,10
459,A,1
463,A,2
465,A,16
478,A,10
479,A,1
482,A,1
483,A,189
496,A,1
499,A,1
500,A,11
503,A,28
507,A,31
522,A,2209753
545,A,1
547,A,44
566,A,3
572,A,30
573,A,8
574,A,2
575,A,2238784
576,A,4
583,A,98
586,A,2
619,A,5
620,A,1
621,A,6
623,A,2238463
626,A,2237738
627,A,25
630,A,20
631,A,1
632,A,10
635,A,19
637,A,13
638,A,51
639,A,13
640,A,20
642,A,12
654,A,144
656,A,6
659,A,4
663,A,1
665,A,1
668,A,2238303
669,A,4
672,A,2237519
676,A,78
678,A,29
680,A,10
681,A,1
684,A,2236358
687,A,6
688,A,2229037
691,A,91
700,A,1
705,A,4
780,A,448
783,A,2236787
785,A,57
787,A,3
791,A,28
792,A,1
793,A,1
796,A,3
798,A,11
799,A,1
803,A,21
808,A,4
809,A,2
810,A,20
812,A,5
816,A,1
820,A,2
830,A,5
845,A,2230820
857,A,3
859,A,31
860,A,10
867,A,15
868,A,5
871,A,2234923
874,A,12
875,A,81
876,A,2236619
879,A,2232216
881,A,5
884,A,92
885,A,3
911,A,1
912,A,4
918,A,21
924,A,2235270
930,A,2236339
932,A,5
936,A,8
937,A,6
939,A,10
940,A,29
941,A,223
942,A,2235359
944,A,2236615
946,A,2
950,A,25
968,A,4
976,A,21
1016,A,2237821
1017,A,2
1022,A,2238029
1027,A,22
1046,A,1
1092,A,49
1093,A,1
1094,A,19
1096,A,25
1097,A,11
1100,A,10
1146,A,15
1147,A,11
1165,A,33
1167,A,1102
1176,A,2
1177,A,3
1202,A,17
1213,A,1
1219,A,28
1226,A,2238320
1228,A,215
1238,A,10
1240,A,1
1246,A,8
1249,A,6
1251,A,39
1252,A,21
1254,A,1
1258,A,12
1259,A,3
1260,A,64
1261,A,9
1262,A,30
1263,A,6
1265,A,1
1267,A,5
1268,A,37
1269,A,1
1273,A,34
36,A,17
114,A,5
126,A,1234
127,A,27
287,A,3
288,A,2129745
289,A,5
291,A,2
294,A,3
307,A,36
308,A,5
324,A,10
333,A,4
341,A,3
350,A,2
358,A,1
362,A,5
366,A,10
367,A,130
407,A,6
415,A,43
470,A,29
519,A,2
523,A,29
524,A,2
534,A,8
539,A,3
549,A,125
551,A,1
553,A,18
588,A,131
595,A,3
602,A,2
604,A,269
615,A,57
618,A,70
645,A,1
696,A,9
701,A,2182364
704,A,26
719,A,2
722,A,6
723,A,6
724,A,68
732,A,26148
734,A,5
736,A,1
739,A,231
747,A,61
761,A,13
768,A,64
771,A,2232257
772,A,47
778,A,20
827,A,33
887,A,10
888,A,3
952,A,8
963,A,55
987,A,3
998,A,3
1006,A,6
1009,A,18
1033,A,99
1040,A,6
1049,A,1
1056,A,2239846
1060,A,15
1061,A,8
1066,A,42
1068,A,33
1076,A,7
1077,A,74
1104,A,7
1116,A,7
1117,A,15
1120,A,2
1128,A,5
1129,A,11
1133,A,225
1136,A,7
1137,A,4
1160,A,6
1164,A,6
1189,A,21
1231,A,448
80,A,25563
96,A,61
103,A,2
123,A,2164723
292,A,2120691
309,A,54
340,A,18
344,A,2237048
363,A,2229709
411,A,2232575
413,A,6
443,A,22
471,A,14
475,A,2215021
476,A,62
484,A,90
485,A,90
516,A,1
520,A,2204987
554,A,15
570,A,1261213
609,A,2239953
614,A,15
647,A,2237988
652,A,4
653,A,2233270
694,A,2238162
702,A,1
706,A,2236950
713,A,2238904
737,A,1
744,A,1
745,A,13
748,A,1
766,A,2237675
769,A,109
829,A,2238496
831,A,2237517
839,A,29
842,A,1
843,A,42
846,A,2237398
852,A,2239338
889,A,2
890,A,2236208
892,A,2234773
893,A,2236376
899,A,2233672
903,A,2237596
956,A,2234939
958,A,2239341
972,A,2237266
982,A,974949
1004,A,3
1015,A,2238015
1020,A,2233475
1025,A,2237531
1026,A,2237543
1070,A,2238168
1072,A,8
1078,A,2234158
1080,A,2239913
1084,A,50
1085,A,371
1087,A,2238332
1111,A,38
1118,A,14
1124,A,6
1127,A,30
1131,A,47
1139,A,6
1144,A,99
1150,A,14
1151,A,2
1153,A,99
1163,A,77
1168,A,5
1171,A,4
1174,A,2237165
1188,A,28
1190,A,2238320
1195,A,39
1199,A,3
1207,A,9
1222,A,2237497
112,A,9
297,A,4
322,A,7
325,A,4
330,A,17
360,A,1
469,A,3
491,A,1
494,A,30
600,A,1
646,A,1
698,A,172
728,A,1
735,A,770
862,A,4
863,A,1
1030,A,35
1055,A,21
1079,A,6
1112,A,1
1161,A,4
1162,A,37
1175,A,3
305,A,13
514,A,1
1041,A,1
1184,A,1
205,A,7
349,A,6
438,A,8
591,A,31
605,A,1
708,A,15
711,A,14
730,A,11
1021,A,2
1123,A,11
1170,A,6
1196,A,2
897,A,1
989,A,2237728
990,A,10
27,E,8
77,E,11
78,E,1
88,E,161
97,E,245
113,E,2
155,E,1
198,E,11
213,E,22
227,E,1
267,E,1
275,E,2
323,E,1
356,E,8
378,E,2
382,E,4
417,E,5
441,E,1
444,E,2
529,E,48
533,E,1
558,E,78
661,E,2238157
677,E,4
729,E,1
811,E,5
814,E,21
815,E,1
848,E,3
854,E,5
923,E,1
1008,E,1
1045,E,18
1073,E,103
1149,E,5
1157,E,6
1191,E,6
1205,E,4
1230,E,1
1245,E,23
1257,E,71
1264,E,5
3,E,1
6,E,1
14,E,6
23,E,6
40,E,3
41,E,7
52,E,38
53,E,27
63,E,2
72,E,439
76,E,6
83,E,1
84,E,3
90,E,1
111,E,10
129,E,4
132,E,2164141
134,E,11
138,E,6
147,E,86
150,E,50
152,E,1
154,E,2227044
156,E,2022957
157,E,1
163,E,17
169,E,2231964
172,E,2
173,E,1
178,E,38
180,E,2229230
181,E,105
182,E,39
183,E,11
187,E,25
191,E,2231519
214,E,1
215,E,112
218,E,75
224,E,2233073
228,E,31
246,E,19
252,E,5
253,E,5
255,E,5
258,E,1
261,E,2
262,E,1
263,E,12
271,E,33
278,E,19
281,E,2116612
283,E,1
286,E,1
298,E,2126622
311,E,2
314,E,1
319,E,1
364,E,2
365,E,2
372,E,5
380,E,3
381,E,3
389,E,24
405,E,19
416,E,1
420,E,1
427,E,24
428,E,9
440,E,2
442,E,3
445,E,1
458,E,2
462,E,6
465,E,2215943
466,E,1
498,E,1
504,E,1
510,E,2
511,E,2
522,E,13
526,E,1
528,E,1
532,E,3
546,E,1
574,E,2
583,E,2231267
586,E,14
619,E,2239437
626,E,10
627,E,26
628,E,122
654,E,2237079
655,E,2
668,E,2
675,E,1
684,E,7
780,E,2232021
783,E,6
786,E,9
790,E,2
795,E,13
796,E,13
808,E,48
819,E,2238101
820,E,19
830,E,4
836,E,36
867,E,15
868,E,2236384
872,E,2
879,E,4
885,E,2
910,E,1
913,E,1
918,E,2236848
920,E,2
921,E,6
933,E,3
935,E,4
936,E,68
942,E,1
946,E,78
950,E,11
1016,E,1
1017,E,2238097
1047,E,1
1092,E,2239442
1146,E,101
1165,E,8
1167,E,3
1180,E,4
1181,E,58
1182,E,2237500
1202,E,2236612
1251,E,54
1258,E,2237100
1259,E,7
1260,E,53
1262,E,2238258
1266,E,9
1267,E,14
1269,E,9
287,E,10
289,E,1
294,E,5
308,E,2
310,E,3
324,E,2190118
334,E,1
358,E,1
535,E,1
537,E,3
615,E,9
701,E,5
761,E,3
825,E,3
835,E,60
866,E,2
947,E,4
986,E,3
1038,E,4
1086,E,29
1129,E,2
1154,E,4
80,E,16
96,E,2181746
290,E,14
292,E,2
309,E,2118946
340,E,2238277
406,E,2232895
413,E,17
443,E,3
471,E,2216391
484,E,2074586
516,E,2211478
520,E,4
554,E,2238274
568,E,1
570,E,1
647,E,2
702,E,2237372
725,E,2238848
737,E,9
745,E,30
748,E,2238864
769,E,12
773,E,2234281
839,E,31
843,E,2
852,E,7
893,E,2
926,E,2
979,E,116
994,E,1
1031,E,2238316
1070,E,4
1072,E,2234582
1084,E,409
1085,E,149
1111,E,2237909
1118,E,3
1127,E,25
1131,E,6
1139,E,8
1144,E,2239379
1150,E,2239354
1151,E,2239885
1153,E,1
1163,E,41
1168,E,13
1188,E,2238210
1195,E,2238226
1199,E,18
1204,E,10
1207,E,2237989
304,E,2
321,E,30
409,E,2
493,E,62
564,E,9
580,E,8
607,E,10
613,E,46
762,E,1
779,E,199
949,E,23
954,E,1
957,E,15
965,E,1
1002,E,4
1058,E,4
1071,E,11
1113,E,3
1201,E,6
1208,E,37
571,E,56
733,E,3
775,E,3
776,E,1
985,E,5
1041,E,6
1184,E,45
1211,E,1
474,E,7
1028,E,1
988,E,2237814
990,E,2237755
1044,E,5
27,P,11
69,P,18
71,P,197
88,P,1
95,P,1
113,P,1
176,P,46
208,P,3
242,P,114
249,P,6
250,P,38
276,P,4
293,P,5
302,P,1
323,P,2
452,P,2
560,P,1
677,P,4398
716,P,1
877,P,1
961,P,1
1114,P,3
1234,P,2
1245,P,1
5,P,4
9,P,2218789
10,P,3
12,P,101
18,P,9
19,P,6
20,P,132
22,P,27
23,P,5
24,P,2
25,P,2221647
26,P,2159984
28,P,1
29,P,3
31,P,1
33,P,2
34,P,376
39,P,2227147
44,P,1
45,P,16
46,P,2
50,P,46
51,P,1
52,P,6
57,P,2193344
60,P,4
63,P,5
66,P,4
67,P,7
73,P,3
76,P,1
82,P,2176405
84,P,3
85,P,2174307
86,P,1
93,P,4
94,P,5
98,P,102
109,P,1
116,P,3
135,P,1
139,P,2173679
142,P,3
145,P,3
146,P,14
147,P,1
161,P,2
172,P,5
173,P,17
174,P,2229626
179,P,57
183,P,20
189,P,4
201,P,1
209,P,2231312
214,P,11
216,P,13
217,P,2231860
218,P,47
221,P,4
222,P,34
223,P,1
225,P,2232579
230,P,2232280
234,P,31
240,P,4
243,P,105
245,P,128
251,P,2230897
254,P,30
255,P,58
256,P,461
257,P,1
259,P,6
260,P,4
261,P,2
262,P,14
263,P,78
270,P,2
272,P,2105286
274,P,1
282,P,1
284,P,1
286,P,4
314,P,2
316,P,3
348,P,42
368,P,8
371,P,30
372,P,13
373,P,175
375,P,15
376,P,2
383,P,3
384,P,2227197
390,P,2
392,P,1
393,P,1
397,P,1
399,P,3
403,P,1
414,P,2
426,P,2239135
435,P,1
459,P,6
461,P,2
463,P,2216804
479,P,2216354
482,P,3
486,P,2
498,P,1
499,P,2215423
500,P,2
506,P,1
507,P,2215565
522,P,388
527,P,2222772
530,P,4
547,P,2
573,P,2
575,P,1
621,P,2239439
625,P,1
627,P,2
628,P,1
630,P,1
631,P,2238970
632,P,2
638,P,1
640,P,59
655,P,2
659,P,5
665,P,2238499
672,P,1
675,P,16
676,P,32
678,P,40
680,P,131
681,P,988400
682,P,6
683,P,11
684,P,11
685,P,1
688,P,6
690,P,5
691,P,213
700,P,1
705,P,3
782,P,1
784,P,1
787,P,1
791,P,44
792,P,2237410
793,P,2237041
803,P,3
804,P,43
807,P,2237587
809,P,2234166
810,P,4
812,P,2231591
816,P,1
821,P,2
822,P,3
836,P,3
845,P,1
858,P,1
871,P,1
872,P,1
874,P,4
879,P,3
884,P,1
918,P,1
920,P,1
924,P,1
938,P,2
943,P,799
968,P,1
974,P,1
1016,P,1
1088,P,1
1090,P,2239496
1091,P,1
1097,P,2
1147,P,3
1213,P,2238308
1218,P,5
1238,P,1
1244,P,21
1249,P,28
1252,P,525
1261,P,35
1263,P,2234517
1265,P,35
1271,P,1
1273,P,1
118,P,4
288,P,3
289,P,1
296,P,3
307,P,1
341,P,1
366,P,11
415,P,3
470,P,1
512,P,1
513,P,1
517,P,7
518,P,12
519,P,11
523,P,3
611,P,3
618,P,1
699,P,1
701,P,2
704,P,61
723,P,84
727,P,1
732,P,2
734,P,1
747,P,2
752,P,5
771,P,1
778,P,6
827,P,1
828,P,4
841,P,2
849,P,11
865,P,3
866,P,1
906,P,1
966,P,1
981,P,7
998,P,1
1024,P,4
1034,P,1
1076,P,3
1117,P,2
1136,P,2
1197,P,2
1200,P,1
1231,P,5
123,P,3
292,P,1
344,P,1
363,P,1
411,P,3
475,P,3
520,P,15
647,P,5
653,P,6
706,P,20
766,P,2
831,P,1
846,P,1
890,P,1
893,P,4
899,P,1
982,P,1
1004,P,1
1026,P,1
1078,P,1
1080,P,1
1222,P,1
112,P,98
115,P,6
207,P,2
295,P,2120528
297,P,3
321,P,17
322,P,2184650
325,P,1
330,P,2236938
337,P,2238112
338,P,1
412,P,2232979
469,P,1
491,P,2216773
493,P,3
494,P,10108
521,P,2214386
561,P,2238759
579,P,2239690
580,P,3
589,P,2239507
600,P,2239678
646,P,8
698,P,1
715,P,2238867
728,P,2238314
746,P,1
765,P,1
779,P,2
862,P,2236550
863,P,2236592
984,P,4
996,P,2
1001,P,7
1030,P,2
1037,P,1
1053,P,2239319
1057,P,2239824
1069,P,2239611
1079,P,2239398
1106,P,5
1112,P,2239461
1140,P,2217384
1143,P,2239747
1161,P,3
1162,P,2233264
1175,P,5
1201,P,1
305,P,2
514,P,1
1083,P,1
205,P,1
349,P,57
438,P,1
555,P,2
591,P,7
708,P,2
711,P,5
730,P,3
1021,P,1
1123,P,1
1170,P,4
901,P,1
1105,P,1
897,P,2236879
983,P,1
27,T,200
68,T,144
69,T,2
71,T,66
77,T,2031
78,T,3
87,T,2
88,T,1
95,T,2032210
97,T,31
100,T,335
101,T,199
105,T,6
113,T,15
125,T,6
137,T,11
140,T,1
143,T,1
153,T,8861
155,T,99
162,T,4
177,T,309
190,T,2
203,T,8
206,T,2
208,T,2230993
211,T,10
226,T,9
231,T,26
233,T,6
250,T,2233356
267,T,2
273,T,13
285,T,6
293,T,1
302,T,2116099
312,T,2
323,T,2188127
352,T,11
356,T,10
377,T,1
410,T,1
417,T,51852
430,T,2239049
434,T,14
444,T,4
457,T,3
468,T,52
472,T,31
529,T,10
558,T,1
569,T,63
584,T,9
622,T,3
624,T,4
651,T,8
664,T,2
670,T,6
692,T,2
697,T,8
714,T,1
716,T,1255794
726,T,76
731,T,7
740,T,78
770,T,1
788,T,6
805,T,1
811,T,10
814,T,37
818,T,2
834,T,369
844,T,29
850,T,39
854,T,12
883,T,2235889
909,T,1
931,T,2
934,T,4
961,T,2238420
1008,T,1
1018,T,4
1029,T,2
1045,T,11
1050,T,14
1073,T,1587
1081,T,3
1114,T,271
1130,T,41
1132,T,16
1149,T,1
1157,T,9
1169,T,13
1179,T,5
1183,T,3
1191,T,7
1205,T,12
1210,T,54
1216,T,319
1221,T,52
1227,T,21
1229,T,603
1230,T,3
1232,T,63
1233,T,62
1237,T,623
1245,T,14
5,T,1
6,T,1
9,T,54
11,T,1
12,T,4
13,T,173
17,T,7
19,T,2007290
20,T,2161451
21,T,1437
22,T,2219279
25,T,615
26,T,18
28,T,2
29,T,2221522
30,T,12
31,T,1
33,T,2222372
39,T,5
40,T,2
41,T,7
44,T,2
45,T,4
46,T,6
47,T,10
50,T,27
51,T,2232428
57,T,1
60,T,2
61,T,4
63,T,2184283
67,T,89
70,T,66
72,T,6
73,T,2181812
74,T,55
76,T,2177232
82,T,16
83,T,3
85,T,4
93,T,127
94,T,18
98,T,5
99,T,1
102,T,32
108,T,2167718
109,T,2166796
111,T,3
116,T,1
119,T,3
121,T,3
124,T,2165760
134,T,1
139,T,2
142,T,2
144,T,980
145,T,2
146,T,15
147,T,9
148,T,1467
149,T,11
150,T,1560
151,T,86
154,T,6
158,T,1
159,T,1
161,T,8
163,T,15
164,T,1135
167,T,2230457
169,T,3
172,T,14
174,T,18
178,T,2
179,T,2
180,T,2
181,T,1
182,T,258
183,T,2
185,T,24
187,T,1
188,T,9
196,T,4
197,T,38
209,T,21
210,T,2675
215,T,3
217,T,3
221,T,7
222,T,46
223,T,3
224,T,2
225,T,1
230,T,12
234,T,2
235,T,55
236,T,2231465
239,T,3
240,T,2230216
243,T,126
246,T,219
251,T,129
254,T,3
255,T,6
256,T,19
257,T,3
259,T,2164049
260,T,80
262,T,158
263,T,74
264,T,47
272,T,27
274,T,2112617
278,T,1
282,T,4
284,T,2113325
286,T,2116849
299,T,2124519
315,T,2121690
316,T,3
317,T,3
319,T,14
320,T,4
348,T,81
355,T,5
371,T,126
372,T,39
375,T,30
376,T,2229060
379,T,1
383,T,1
384,T,7
385,T,2229223
386,T,1
387,T,1
388,T,1
389,T,2
393,T,2232715
394,T,21
397,T,1
402,T,4
403,T,2
418,T,1
419,T,6
426,T,2
431,T,1
435,T,14
439,T,2
440,T,46
445,T,5
448,T,20
458,T,7
460,T,10
462,T,8
463,T,1
478,T,1981498
479,T,3
487,T,3
498,T,3
499,T,11
500,T,2215785
501,T,3662
503,T,1
507,T,1
509,T,3
522,T,20
527,T,7
530,T,3
531,T,2239238
532,T,8
544,T,2
547,T,2237198
556,T,4
572,T,2231615
573,T,2238467
575,T,7
587,T,1
621,T,6
623,T,17
626,T,142
627,T,2
630,T,2240011
631,T,12
632,T,2239408
637,T,4
638,T,2239817
640,T,4
641,T,13
643,T,1
657,T,2
658,T,71
659,T,15
665,T,1
666,T,1
668,T,2
672,T,28
673,T,1554
675,T,3
676,T,2237644
678,T,2236833
679,T,60
680,T,89
681,T,6
684,T,325
686,T,6
688,T,424
689,T,22
691,T,7
777,T,6
783,T,16
786,T,5
790,T,8
791,T,2233827
792,T,121
793,T,29
794,T,135
795,T,10
803,T,3
807,T,65
809,T,154
810,T,6
812,T,10
813,T,4
816,T,1
845,T,41
856,T,5
859,T,2222161
870,T,55
871,T,13
874,T,2236451
875,T,2
876,T,9
879,T,227
881,T,2236447
884,T,2
912,T,2237567
914,T,1
924,T,22
928,T,1
929,T,773
930,T,1
932,T,3
933,T,1
936,T,2
937,T,26
939,T,6
940,T,20
941,T,2235646
942,T,156
943,T,67
944,T,1
946,T,1
967,T,13
968,T,1
969,T,1
1014,T,31
1016,T,95
1027,T,2178939
1047,T,1
1090,T,3
1097,T,41
1098,T,2
1100,T,2239911
1147,T,2
1172,T,2
1178,T,4
1181,T,19
1213,T,1
1225,T,31
1226,T,13
1238,T,2236952
1239,T,85
1242,T,36
1249,T,15
1252,T,2
1255,T,8
1259,T,6
1260,T,6
1261,T,3
1263,T,110
1265,T,8
1266,T,10
1269,T,1
1273,T,2238089
81,T,1
114,T,2166918
122,T,2
127,T,1
288,T,5
289,T,2
296,T,1
307,T,2117232
310,T,1
324,T,2
326,T,2
328,T,1
332,T,23
333,T,2238150
334,T,2
345,T,2237643
346,T,71
354,T,7
357,T,2
358,T,6
359,T,196
366,T,1
408,T,18
415,T,2235631
470,T,2216225
477,T,28
481,T,4
513,T,1
523,T,2218088
535,T,27
537,T,25
540,T,5
549,T,2238253
553,T,2238752
567,T,2
581,T,2239774
588,T,2239108
596,T,2
599,T,2239693
602,T,2239713
603,T,6
604,T,2239297
606,T,2
616,T,2
618,T,2238938
645,T,2240141
696,T,2238904
701,T,129
703,T,77
704,T,16
709,T,9
712,T,8
719,T,2237396
720,T,1
721,T,3
723,T,2236290
724,T,2238640
732,T,2209754
734,T,2238435
739,T,2238254
742,T,2
747,T,2237088
750,T,2
751,T,12
758,T,4
761,T,2236526
768,T,2237710
771,T,3
778,T,2236714
824,T,4
825,T,1
827,T,2238376
835,T,6
841,T,1
847,T,124
866,T,2236545
882,T,5
887,T,2236632
896,T,19
947,T,2
964,T,1
980,T,1
986,T,5
997,T,5
998,T,2237647
1000,T,1
1006,T,2236927
1009,T,2237450
1013,T,6
1019,T,1
1023,T,3
1038,T,31
1039,T,1
1056,T,1
1066,T,2239772
1076,T,2239744
1077,T,2239815
1086,T,6
1108,T,6
1115,T,12
1116,T,2239364
1117,T,2237826
1120,T,2239689
1135,T,1
1136,T,2239491
1158,T,2
1160,T,2239958
1187,T,63
1192,T,44
1194,T,2
1198,T,8
1231,T,2237379
123,T,17
292,T,27
344,T,37
363,T,3
411,T,11
443,T,2
475,T,29
484,T,2
485,T,2
520,T,32
554,T,5
570,T,17
647,T,13
653,T,7
694,T,22
702,T,3
706,T,1
710,T,5
713,T,1
717,T,44
829,T,270
831,T,23
846,T,46
852,T,33
890,T,85
892,T,5
893,T,8
899,T,5
903,T,3
956,T,1
958,T,1
972,T,1
982,T,2
1015,T,2
1020,T,18
1026,T,23
1070,T,25
1078,T,406
1080,T,1
1087,T,14
1174,T,3
1190,T,41
1222,T,765
112,T,9
115,T,1
295,T,2
297,T,4
321,T,3
322,T,3
330,T,4
337,T,31
360,T,1
412,T,1
469,T,3
491,T,1
493,T,1
494,T,6
521,T,17
561,T,25
579,T,2
589,T,2
600,T,1
698,T,1
715,T,2
728,T,10
735,T,1
746,T,2
863,T,2
1030,T,1
1037,T,8
1053,T,2
1055,T,4
1069,T,28
1079,T,97
1112,T,4
1140,T,1
1143,T,1
1161,T,3
1162,T,28
1175,T,3
202,T,1
305,T,4
331,T,53
361,T,31
514,T,8
536,T,4
776,T,2
907,T,2
978,T,3
1074,T,1
1125,T,4
1173,T,1
205,T,4
349,T,1
438,T,4
555,T,1
605,T,6
708,T,15
711,T,4
1021,T,3
1051,T,1
1123,T,1
1170,T,8
1105,T,2240015
897,T,2
989,T,1
64,R,668
68,R,5
69,R,29
77,R,44
78,R,2178503
88,R,1
89,R,1
97,R,115
113,R,55
140,R,3
153,R,4
155,R,1223
162,R,17
176,R,2
177,R,5
190,R,2178917
199,R,6
206,R,27
211,R,1
237,R,2231535
242,R,1
244,R,1
273,R,2114347
276,R,1
300,R,49
323,R,20
356,R,227
378,R,21
417,R,130
441,R,125
444,R,189
452,R,282182
457,R,2216354
529,R,115
558,R,121
560,R,1
651,R,1
670,R,3
677,R,493
731,R,1
811,R,43
814,R,33
815,R,2237731
854,R,16
869,R,1
883,R,1
902,R,1
905,R,2237632
995,R,2234308
1045,R,86
1073,R,86
1107,R,2239707
1149,R,99
1157,R,73
1191,R,17
1205,R,43
1233,R,1
1234,R,3
1237,R,2
1245,R,98
1253,R,1
5,R,1
9,R,5
10,R,2
13,R,6
14,R,126
15,R,22
17,R,4
18,R,578
19,R,212274
21,R,2218122
23,R,366
25,R,3
26,R,60
33,R,4
34,R,2224693
35,R,334
41,R,48
44,R,2235898
46,R,1
47,R,14
49,R,5
52,R,6576
62,R,1
65,R,4
66,R,244
72,R,1025
75,R,2395
82,R,16
85,R,2
102,R,2179844
107,R,1
109,R,1
111,R,1
117,R,1
129,R,17
131,R,2
134,R,7
136,R,10
142,R,2
146,R,70
147,R,132
150,R,91
151,R,16
152,R,16664
158,R,2019886
160,R,1
166,R,3
170,R,2
171,R,1
173,R,51
174,R,2
179,R,83
180,R,1
181,R,979
182,R,481
183,R,196
184,R,1
187,R,6
188,R,1
195,R,11
197,R,2
209,R,5
212,R,1
214,R,2230644
216,R,1
217,R,3
218,R,58
223,R,1
224,R,4
232,R,3
239,R,63
240,R,3
245,R,149
246,R,2234032
247,R,34
251,R,1
252,R,20
257,R,19
258,R,239
259,R,41
261,R,798
262,R,1
271,R,66
272,R,2
278,R,68
283,R,3
286,R,1
311,R,2
314,R,19
317,R,1
319,R,2121828
355,R,2235410
368,R,1
381,R,30
384,R,39
386,R,5
389,R,1
403,R,2232452
404,R,1
414,R,465
416,R,2
428,R,1
431,R,2
432,R,1
436,R,1
440,R,1
446,R,7
447,R,1
458,R,7
462,R,9
463,R,1
465,R,1
466,R,2216336
478,R,393
479,R,1
480,R,2
482,R,5
496,R,10
498,R,16
499,R,20
501,R,1
502,R,3
509,R,2215525
525,R,1
526,R,1
528,R,14
577,R,2239628
582,R,5
585,R,1
621,R,2
625,R,68
628,R,21
630,R,1
631,R,1
633,R,2
634,R,2240000
638,R,8
639,R,9
642,R,3
655,R,36
668,R,3
669,R,2
673,R,17
675,R,2381
680,R,1
681,R,224058
682,R,2238710
683,R,2237922
685,R,2238418
686,R,4
689,R,250
690,R,238
784,R,19
786,R,56
787,R,73
790,R,16
791,R,1
792,R,17
793,R,2
795,R,900
804,R,11
807,R,1
809,R,30
812,R,39
813,R,21
816,R,3
819,R,1
822,R,1
836,R,402
838,R,5
885,R,1
910,R,4
913,R,1
920,R,2
921,R,6
929,R,20
932,R,5
933,R,8
935,R,12
943,R,86
946,R,161
967,R,17
975,R,1
1014,R,2237960
1088,R,29
1091,R,2238560
1092,R,1
1142,R,1
1167,R,88
1172,R,1
1180,R,14
1181,R,104
1185,R,2237645
1212,R,1
1219,R,2
1235,R,1
1236,R,3
1239,R,5
1240,R,2
1241,R,1
1242,R,8
1243,R,8
1244,R,2
1247,R,10
1248,R,27
1250,R,7
1251,R,199
1254,R,1
1255,R,230
1261,R,1
1263,R,598
1265,R,16
1266,R,278
1267,R,162
1269,R,3
1271,R,1
1273,R,5
118,R,1
291,R,1
296,R,1
308,R,1
310,R,45
328,R,2237735
333,R,1
346,R,2233466
347,R,2
357,R,2233368
359,R,19
407,R,1
408,R,2232604
454,R,2216414
477,R,1273
490,R,1
519,R,5
535,R,31
537,R,19
540,R,1
557,R,1
567,R,2239028
588,R,9
596,R,4
611,R,4
618,R,29
721,R,112
724,R,1
727,R,1
750,R,8
751,R,3
752,R,2
761,R,147
825,R,20
828,R,1
835,R,250
841,R,82
847,R,2239419
908,R,1
947,R,112
948,R,1
962,R,1
964,R,37
966,R,1
986,R,78
1000,R,2237656
1019,R,2238019
1024,R,16
1034,R,6
1038,R,192
1039,R,2238708
1086,R,105
1117,R,19
1154,R,23
1160,R,2
1186,R,1
1197,R,3
1200,R,1
1203,R,1
103,R,3
309,R,1
413,R,93
484,R,13
485,R,69
652,R,7
769,R,257
880,R,2
889,R,1
891,R,1
926,R,1
971,R,1
1004,R,2
1059,R,1
1085,R,148
1118,R,3
1124,R,1
1131,R,11
1171,R,1
1204,R,10
104,R,2
112,R,1
115,R,2
207,R,78
304,R,13
321,R,40
322,R,1
330,R,1
337,R,17
353,R,5
409,R,1
491,R,1
493,R,181
494,R,11
521,R,66
564,R,1
579,R,1
580,R,27
589,R,1
607,R,41
613,R,29
646,R,2239941
728,R,1
755,R,2
765,R,2236382
774,R,1
779,R,236
853,R,5
886,R,1
895,R,3
949,R,53
954,R,7
957,R,11194
965,R,1
984,R,2
1001,R,1
1002,R,3
1005,R,1
1011,R,5
1057,R,2
1058,R,22
1071,R,79
1101,R,21
1102,R,1
1106,R,3
1112,R,3
1113,R,532
1143,R,1
1159,R,80
1162,R,635
1201,R,51
1208,R,15
202,R,17
361,R,2
733,R,5
776,R,28
1083,R,19
1211,R,4
488,R,1
538,R,1
738,R,1
743,R,3
840,R,1
1032,R,1
474,R,5
1028,R,4
617,R,2
983,R,2237608
1044,R,2
992,R,1
64,W,2182986
78,W,2
141,W,11
177,W,3
190,W,40
226,W,1
249,W,6
356,W,2
452,W,4
815,W,4
922,W,2
1141,W,443
8,W,26
15,W,1
34,W,1
44,W,1
54,W,5
72,W,67
84,W,1
117,W,2
131,W,2
136,W,2
151,W,1
152,W,2157263
154,W,3
161,W,1
221,W,12
222,W,1
229,W,2
258,W,2173564
259,W,1
281,W,1
379,W,1
380,W,1
405,W,1
436,W,2239150
480,W,1
496,W,1
505,W,15
525,W,1
543,W,1
633,W,2240068
662,W,2
675,W,2
682,W,52
683,W,195
1212,W,2238562
1214,W,2204268
1240,W,1
1243,W,1
1247,W,3
1248,W,3
1250,W,7
1254,W,4
1272,W,1
490,W,3
413,W,23
652,W,1
104,W,2181576
112,W,3
297,W,1
353,W,2238056
886,W,2236590
996,W,1
1102,W,2239820
1217,W,2238328
351,W,1
488,W,1
738,W,3
851,W,1
1126,W,1
64,Q,2
68,Q,1
69,Q,143
71,Q,4
77,Q,1
97,Q,13
113,Q,1
176,Q,2
242,Q,19
276,Q,1
293,Q,5
300,Q,4
356,Q,11
378,Q,2
441,Q,5
444,Q,1
452,Q,3598
529,Q,10
558,Q,9
560,Q,44
661,Q,4
677,Q,2201004
716,Q,1
811,Q,2
814,Q,9
854,Q,1
1045,Q,28
1073,Q,13
1149,Q,4
1191,Q,18
1205,Q,13
1245,Q,7
9,Q,16
10,Q,2
14,Q,2220590
15,Q,3
23,Q,2222007
25,Q,7
33,Q,6
41,Q,2
49,Q,6
52,Q,2185554
66,Q,50
73,Q,1
84,Q,3
85,Q,7
90,Q,1
129,Q,1
132,Q,194
134,Q,2168163
139,Q,2
146,Q,642
147,Q,13
148,Q,2
150,Q,3
152,Q,5
154,Q,557
156,Q,187
158,Q,1
161,Q,2
169,Q,2
173,Q,2228275
180,Q,38
182,Q,5
183,Q,2230373
187,Q,5
191,Q,1
212,Q,3
214,Q,1
218,Q,2230910
224,Q,197
225,Q,1
229,Q,9
230,Q,7
239,Q,2233124
245,Q,2
246,Q,1
271,Q,2114463
272,Q,7
278,Q,4
281,Q,298
298,Q,7
314,Q,2122346
348,Q,1
364,Q,1
368,Q,6
369,Q,2
373,Q,1
414,Q,2232270
458,Q,4
462,Q,5
465,Q,4
483,Q,6
498,Q,2215303
503,Q,3
504,Q,2
506,Q,2215543
511,Q,1
528,Q,3
563,Q,2239055
583,Q,463
619,Q,237
625,Q,13
628,Q,2239806
634,Q,1
635,Q,1
636,Q,1
654,Q,858
655,Q,25
656,Q,3
665,Q,1
675,Q,2216341
681,Q,1
682,Q,26
683,Q,202
685,Q,1
689,Q,5
690,Q,2238341
705,Q,1
780,Q,4578
784,Q,2237064
786,Q,28
787,Q,2236808
790,Q,2
792,Q,10
793,Q,4
795,Q,3
804,Q,2237746
806,Q,12
807,Q,4
808,Q,3
809,Q,8
812,Q,31
821,Q,3
836,Q,2237606
860,Q,1
868,Q,1
872,Q,2236450
913,Q,2236796
918,Q,1
920,Q,2236710
921,Q,1
924,Q,1
933,Q,7
935,Q,2236534
1017,Q,1
1088,Q,7
1092,Q,6
1142,Q,2239876
1180,Q,2237592
1181,Q,31
1182,Q,114
1202,Q,1781
1213,Q,3
1252,Q,8
1255,Q,1
1258,Q,27
1262,Q,2
1263,Q,108
1265,Q,1
1266,Q,6
1267,Q,1
1269,Q,2
287,Q,2
308,Q,3
324,Q,82
350,Q,1
450,Q,3
518,Q,5
519,Q,19
645,Q,1
703,Q,3
727,Q,10
767,Q,11
835,Q,1
841,Q,2
947,Q,2
966,Q,1
986,Q,4
1038,Q,39
1086,Q,7
1192,Q,3
96,Q,324
309,Q,850
340,Q,8
363,Q,1
406,Q,241
471,Q,481
484,Q,6213
516,Q,256
554,Q,242
702,Q,152
725,Q,1
748,Q,171
773,Q,7
926,Q,2236507
1072,Q,82
1111,Q,577
1118,Q,4
1144,Q,383
1150,Q,12
1151,Q,1
1188,Q,6
1195,Q,280
115,Q,2167033
207,Q,121
304,Q,7
321,Q,2152303
325,Q,2
409,Q,2233216
412,Q,5
469,Q,2
493,Q,2216441
521,Q,4
561,Q,1
564,Q,2239004
579,Q,2
580,Q,2239573
589,Q,4
607,Q,2239490
613,Q,2235306
644,Q,2240128
646,Q,3
755,Q,2237969
762,Q,2237451
774,Q,2234293
779,Q,2235899
853,Q,2239829
862,Q,3
895,Q,2236144
949,Q,2236823
954,Q,2238809
957,Q,2222535
965,Q,2238598
1002,Q,2237808
1005,Q,2237809
1010,Q,2237860
1011,Q,2237976
1036,Q,2238765
1054,Q,2239902
1058,Q,8
1071,Q,2233121
1101,Q,190
1106,Q,2239894
1112,Q,59
1113,Q,2238888
1159,Q,1
1162,Q,43
1201,Q,2237794
1208,Q,2237468
202,Q,1
733,Q,1
1083,Q,33
1211,Q,2
349,Q,3
474,Q,2216811
901,Q,2236881
990,Q,25
992,Q,2237610
69,H,1172446
87,H,3
88,H,313
97,H,3
125,H,3
137,H,4
140,H,2
162,H,1
165,H,7
176,H,7
198,H,9
211,H,3
242,H,60
441,H,2
495,H,5
677,H,31978
848,H,1
883,H,1
1073,H,1
1179,H,1
1216,H,1
1257,H,1
14,H,1279
17,H,1
18,H,1
20,H,3
23,H,994
25,H,80
26,H,340
28,H,562
30,H,70
34,H,6
37,H,2
38,H,3
39,H,2
49,H,2229206
52,H,388
53,H,1
61,H,9
66,H,2184872
74,H,5
82,H,118
85,H,1
91,H,3
99,H,1
111,H,12
117,H,1
133,H,1
134,H,19
136,H,1
138,H,12540
139,H,1
142,H,3
144,H,44
145,H,1238
146,H,2227322
147,H,1
148,H,18
149,H,6
151,H,1
160,H,12
164,H,41
170,H,285
173,H,270
174,H,21
178,H,4575
179,H,4
183,H,431
185,H,2
188,H,7
189,H,1
196,H,4
200,H,49
209,H,51
214,H,237
215,H,2085
216,H,1
217,H,31
218,H,862
228,H,285
234,H,5
239,H,22
243,H,1
245,H,2234146
247,H,4
248,H,659
251,H,346
252,H,1
253,H,10
265,H,6
266,H,6
269,H,19
270,H,2
271,H,5
272,H,89
279,H,2
280,H,1
282,H,5
313,H,9
314,H,10
317,H,1
365,H,2
369,H,25
370,H,47
380,H,1
384,H,8
389,H,5
390,H,1
394,H,13
396,H,6
404,H,1
405,H,9
414,H,267
427,H,36
428,H,8
440,H,4
442,H,1
448,H,1
449,H,414
453,H,9
460,H,1
463,H,2
467,H,1
479,H,27
487,H,1
498,H,28
499,H,37
501,H,27
505,H,106
506,H,1
507,H,1
508,H,380
532,H,3
563,H,1
574,H,21
577,H,1
586,H,2
621,H,25
625,H,2239646
627,H,241
628,H,3
631,H,22
634,H,26
636,H,2
641,H,1
655,H,2179248
657,H,4
658,H,5
660,H,56
665,H,2
674,H,7
675,H,19491
679,H,12
681,H,1023264
682,H,2
683,H,1
685,H,2
690,H,153
707,H,2
784,H,20
787,H,50
789,H,5
796,H,4641
804,H,38
808,H,41
820,H,7
830,H,17
836,H,176
873,H,2
913,H,70
916,H,1
917,H,4
919,H,1
935,H,4
936,H,848
950,H,11030
969,H,1
1047,H,10
1088,H,2239291
1090,H,1
1091,H,438
1134,H,2
1142,H,1
1146,H,327
1165,H,2
1178,H,5
1180,H,33
1185,H,154
1215,H,37
1244,H,3
1255,H,1
1258,H,36
1259,H,590
1260,H,103
1265,H,1
1266,H,8
1271,H,2238448
1272,H,76
287,H,20
294,H,2
296,H,2
334,H,13
354,H,85
450,H,1
473,H,6
481,H,3
517,H,6
519,H,2212198
539,H,1
540,H,32
603,H,8
616,H,1
703,H,4
709,H,2
824,H,5
828,H,3
841,H,1
925,H,1
955,H,15
966,H,1
981,H,1
1024,H,1
1034,H,1
1048,H,2239094
1108,H,7
1135,H,1
1138,H,2
1158,H,4
1187,H,37
1192,H,39
1194,H,10
80,H,59
290,H,2
309,H,2
411,H,1
568,H,3
570,H,2
710,H,22
717,H,8
737,H,1
745,H,3
839,H,1
843,H,1
926,H,16
979,H,13
1084,H,21
1118,H,976356
1127,H,21
1139,H,465
1153,H,17
1163,H,34
1168,H,19
1199,H,58
115,H,71
207,H,2231424
295,H,1
321,H,5
330,H,2
337,H,6
409,H,4
491,H,2
493,H,45
521,H,1
561,H,38
564,H,9
580,H,88
607,H,237
613,H,4262
644,H,14
646,H,62
715,H,1
762,H,11
765,H,233
774,H,3
779,H,65
837,H,167
853,H,4
863,H,11
895,H,74
949,H,2
954,H,8
957,H,36
1002,H,17
1005,H,83
1011,H,2
1054,H,4
1057,H,7
1058,H,2239506
1069,H,12
1071,H,4226
1079,H,1
1101,H,2236291
1106,H,3
1113,H,16
1140,H,1
1143,H,1
1159,H,2239524
1201,H,197
1208,H,1079
202,H,3
204,H,81
489,H,27
536,H,4
571,H,1
612,H,1
960,H,1
978,H,9
1067,H,1
1074,H,16
1083,H,2239245
1110,H,2
1119,H,3
1125,H,2
1173,H,11
1184,H,37
349,H,1
351,H,10
451,H,23
756,H,1
904,H,26
1007,H,11
1155,H,88
1206,H,5
1209,H,6
474,H,37
901,H,1
1064,H,2240158
983,H,1
992,H,1
